CVE_DIVISION,División,Entidad,ENTIDAD (entidades.shp),entidad_nacimiento,fecha,Geometría,masa_aseg_H,masa_aseg_M,masa_aseg_NB,masa_puestos_H,masa_puestos_M,masa_puestos_NB,Nivel Agregación,NOTA,NUM_EDO,PTPD_Aseg,PTPD_Aseg_H,PTPD_Aseg_M,PTPD_Aseg_NB,PTPD_Puestos,PTPD_Puestos_H,PTPD_Puestos_M,PTPD_Puestos_NB,Rango_edad_2,SalarioFem,SalarioMasc,SalarioNB,TOTAL
7,Transportes y comunicaciones,EXTRANJERO/EXTRANJERA,,Extranjero/Extranjera,202601,,19419.330000000,2535.850000000,,36836.84,315.04,,subdel,1,,69,61,8,0,81,80,1,0,75 años y más,315.04,460.4605,,81
7,Transportes y comunicaciones,AGUASCALIENTES,AGUASCALIENTES,Aguascalientes,202601,Polygon,0,,,434.97,,,subdel,1,1,0,0,0,0,1,1,0,0,75 años y más,,434.97,,1
7,Transportes y comunicaciones,AGUASCALIENTES,AGUASCALIENTES,Aguascalientes,202601,Polygon,20663.960000000,1905.770000000,,14798.3,0,,subdel,1,1,71,65,6,0,39,39,0,0,75 años y más,,379.443589744,,39
7,Transportes y comunicaciones,BAJA CALIFORNIA,BAJA CALIFORNIA,Baja California,202601,MultiPolygon,0,0,,2294.51,469.63,,subdel,1,2,0,0,0,0,7,6,1,0,75 años y más,469.63,382.418333333,,7
7,Transportes y comunicaciones,BAJA CALIFORNIA,BAJA CALIFORNIA,Baja California,202601,MultiPolygon,39690.599999999,5701.780000000,,110769.64,2873.31,,subdel,1,2,143,125,18,0,265,257,8,0,75 años y más,359.16375,431.010272374,,265
7,Transportes y comunicaciones,BAJA CALIFORNIA SUR,BAJA CALIFORNIA SUR,Baja California Sur,202601,MultiPolygon,0,,,670.87,,,subdel,1,3,0,0,0,0,1,1,0,0,75 años y más,,670.87,,1
7,Transportes y comunicaciones,BAJA CALIFORNIA SUR,BAJA CALIFORNIA SUR,Baja California Sur,202601,MultiPolygon,8898.770000000,0,,13145.19,1973.81,,subdel,1,3,28,28,0,0,34,30,4,0,75 años y más,493.4525,438.173,,34
7,Transportes y comunicaciones,CAMPECHE,CAMPECHE,Campeche,202601,MultiPolygon,21986.239999999,2582.440000000,,9156.52,0,,subdel,1,4,77,69,8,0,22,22,0,0,75 años y más,,416.205454545,,22
7,Transportes y comunicaciones,COAHUILA DE ZARAGOZA,COAHUILA DE ZARAGOZA,Coahuila de Zaragoza,202601,Polygon,0,0,,1664.85,415.58,,subdel,1,5,0,0,0,0,5,4,1,0,75 años y más,415.58,416.2125,,5
7,Transportes y comunicaciones,COAHUILA DE ZARAGOZA,COAHUILA DE ZARAGOZA,Coahuila de Zaragoza,202601,Polygon,37772.509999999,3858.130000000,,64272.54,2534.95,,subdel,1,5,130,118,12,0,165,158,7,0,75 años y más,362.135714286,406.788227848,,165
7,Transportes y comunicaciones,COLIMA,COLIMA,Colima,202601,MultiPolygon,0,,,656.3,,,subdel,1,6,0,0,0,0,2,2,0,0,75 años y más,,328.15,,2
7,Transportes y comunicaciones,COLIMA,COLIMA,Colima,202601,MultiPolygon,15845.180000000,1921.300000000,,9816.36,0,,subdel,1,6,56,50,6,0,23,23,0,0,75 años y más,,426.798260870,,23
7,Transportes y comunicaciones,CHIAPAS,CHIAPAS,Chiapas,202601,MultiPolygon,0,0,,2237.36,503.16,,subdel,1,7,0,0,0,0,6,5,1,0,75 años y más,503.16,447.472,,6
7,Transportes y comunicaciones,CHIAPAS,CHIAPAS,Chiapas,202601,MultiPolygon,40997.349999999,2236.340000000,,49930.7,2848.3,,subdel,1,7,136,129,7,0,126,119,7,0,75 años y más,406.9,419.585714286,,126
7,Transportes y comunicaciones,CHIHUAHUA,CHIHUAHUA,Chihuahua,202601,Polygon,0,0,,4333.14,675.84,,subdel,1,8,0,0,0,0,14,12,2,0,75 años y más,337.92,361.095,,14
7,Transportes y comunicaciones,CHIHUAHUA,CHIHUAHUA,Chihuahua,202601,Polygon,57978.449999999,14301.040000000,,67780.8,4414.26,,subdel,1,8,228,183,45,0,178,167,11,0,75 años y más,401.296363636,405.873053892,,178
7,Transportes y comunicaciones,CIUDAD DE MÉXICO,CIUDAD DE MÉXICO,Ciudad de México,202601,Polygon,330.570000000,,,0,,,subdel,1,9,1,1,0,0,0,0,0,0,75 años y más,,,,0
7,Transportes y comunicaciones,CIUDAD DE MÉXICO,CIUDAD DE MÉXICO,Ciudad de México,202601,Polygon,630.080000000,315.040000000,,7760.32,361.41,,subdel,1,9,3,2,1,0,22,21,1,0,75 años y más,361.41,369.539047619,,22
7,Transportes y comunicaciones,CIUDAD DE MÉXICO,CIUDAD DE MÉXICO,Ciudad de México,202601,Polygon,417143.63999999,65685.089999998,,178756.19,15517.99,,subdel,1,9,1515,1309,206,0,501,463,38,0,75 años y más,408.368157895,386.082483801,,501
7,Transportes y comunicaciones,DURANGO,DURANGO,Durango,202601,Polygon,0,,,741.99,,,subdel,1,10,0,0,0,0,2,2,0,0,75 años y más,,370.995,,2
7,Transportes y comunicaciones,DURANGO,DURANGO,Durango,202601,Polygon,33074.759999999,3858.130000000,,27447.47,2020.21,,subdel,1,10,116,104,12,0,70,65,5,0,75 años y más,404.042,422.268769231,,70
7,Transportes y comunicaciones,GUANAJUATO,GUANAJUATO,Guanajuato,202601,Polygon,315.040000000,,,0,,,subdel,1,11,1,1,0,0,0,0,0,0,75 años y más,,,,0
7,Transportes y comunicaciones,GUANAJUATO,GUANAJUATO,Guanajuato,202601,Polygon,0,0,,1363.71,401.28,,subdel,1,11,0,0,0,0,5,4,1,0,75 años y más,401.28,340.9275,,5
7,Transportes y comunicaciones,GUANAJUATO,GUANAJUATO,Guanajuato,202601,Polygon,79396.729999998,7592.020000000,,79388.79,2124.34,,subdel,1,11,274,250,24,0,206,200,6,0,75 años y más,354.056666667,396.94395,,206
7,Transportes y comunicaciones,GUERRERO,GUERRERO,Guerrero,202601,MultiPolygon,0,,,1467.35,,,subdel,1,12,0,0,0,0,4,4,0,0,75 años y más,,366.8375,,4
7,Transportes y comunicaciones,GUERRERO,GUERRERO,Guerrero,202601,MultiPolygon,19119.820000000,1260.160000000,,28570.51,3020.14,,subdel,1,12,64,60,4,0,74,67,7,0,75 años y más,431.448571429,426.425522388,,74
7,Transportes y comunicaciones,HIDALGO,HIDALGO,Hidalgo,202601,Polygon,0,,,803.24,,,subdel,1,13,0,0,0,0,2,2,0,0,75 años y más,,401.62,,2
7,Transportes y comunicaciones,HIDALGO,HIDALGO,Hidalgo,202601,Polygon,14048.120000000,3196.990000000,,9329.58,0,,subdel,1,13,54,44,10,0,20,20,0,0,75 años y más,,466.479,,20
7,Transportes y comunicaciones,JALISCO,JALISCO,Jalisco,202601,MultiPolygon,0,,,2342.58,,,subdel,1,14,0,0,0,0,4,4,0,0,75 años y más,,585.645,,4
7,Transportes y comunicaciones,JALISCO,JALISCO,Jalisco,202601,MultiPolygon,164588.909999996,22378.929999999,,237208.57,9993.45,,subdel,1,14,586,516,70,0,601,576,25,0,75 años y más,399.738,411.820434028,,601
7,Transportes y comunicaciones,MÉXICO,MÉXICO,México,202601,Polygon,0,,,8020.38,,,subdel,1,15,0,0,0,0,21,21,0,0,75 años y más,,381.922857143,,21
7,Transportes y comunicaciones,MÉXICO,MÉXICO,México,202601,Polygon,331681.629999992,48336.449999999,,170532.48,7275.12,,subdel,1,15,1196,1044,152,0,458,439,19,0,75 años y más,382.901052632,388.456674260,,458
7,Transportes y comunicaciones,MICHOACÁN DE OCAMPO,MICHOACÁN DE OCAMPO,Michoacán de Ocampo,202601,MultiPolygon,0,,,2538.5,,,subdel,1,16,0,0,0,0,6,6,0,0,75 años y más,,423.083333333,,6
7,Transportes y comunicaciones,MICHOACÁN DE OCAMPO,MICHOACÁN DE OCAMPO,Michoacán de Ocampo,202601,MultiPolygon,45088.429999999,5149.350000000,,25678.32,1071.49,,subdel,1,16,157,141,16,0,67,64,3,0,75 años y más,357.163333333,401.22375,,67
7,Transportes y comunicaciones,MORELOS,MORELOS,Morelos,202601,Polygon,0,,,1197.9,,,subdel,1,17,0,0,0,0,3,3,0,0,75 años y más,,399.3,,3
7,Transportes y comunicaciones,MORELOS,MORELOS,Morelos,202601,Polygon,32966.049999999,4157.640000000,,20794.43,1225.7,,subdel,1,17,117,104,13,0,50,47,3,0,75 años y más,408.566666667,442.434680851,,50
7,Transportes y comunicaciones,NAYARIT,NAYARIT,Nayarit,202601,MultiPolygon,0,,,2051.23,,,subdel,1,18,0,0,0,0,5,5,0,0,75 años y más,,410.246,,5
7,Transportes y comunicaciones,NAYARIT,NAYARIT,Nayarit,202601,MultiPolygon,25941.989999999,945.120000000,,21783.56,742.19,,subdel,1,18,85,82,3,0,57,55,2,0,75 años y más,371.095,396.064727273,,57
7,Transportes y comunicaciones,NUEVO LEÓN,NUEVO LEÓN,Nuevo León,202601,Polygon,0,,,2440.07,,,subdel,1,19,0,0,0,0,5,5,0,0,75 años y más,,488.014,,5
7,Transportes y comunicaciones,NUEVO LEÓN,NUEVO LEÓN,Nuevo León,202601,Polygon,57911.889999999,11434.620000000,,207804.65,13401.7,,subdel,1,19,218,182,36,0,506,476,30,0,75 años y más,446.723333333,436.564390756,,506
7,Transportes y comunicaciones,OAXACA,OAXACA,Oaxaca,202601,MultiPolygon,0,0,,3087.08,371.37,,subdel,1,20,0,0,0,0,8,7,1,0,75 años y más,371.37,441.011428571,,8
7,Transportes y comunicaciones,OAXACA,OAXACA,Oaxaca,202601,MultiPolygon,29831.179999999,4472.680000000,,19935.8,1441.61,,subdel,1,20,108,94,14,0,52,49,3,0,75 años y más,480.536666667,406.853061224,,52
7,Transportes y comunicaciones,PUEBLA,PUEBLA,Puebla,202601,Polygon,0,,,2702.11,,,subdel,1,21,0,0,0,0,8,8,0,0,75 años y más,,337.76375,,8
7,Transportes y comunicaciones,PUEBLA,PUEBLA,Puebla,202601,Polygon,72146.369999998,10582.680000000,,54304.82,1943.89,,subdel,1,21,259,226,33,0,138,132,6,0,75 años y más,323.981666667,411.400151515,,138
7,Transportes y comunicaciones,QUERÉTARO,QUERÉTARO,Querétaro,202601,Polygon,0,,,758.83,,,subdel,1,22,0,0,0,0,2,2,0,0,75 años y más,,379.415,,2
7,Transportes y comunicaciones,QUERÉTARO,QUERÉTARO,Querétaro,202601,Polygon,25544.859999999,2566.910000000,,33376.64,990.05,,subdel,1,22,88,80,8,0,83,80,3,0,75 años y más,330.016666667,417.208,,83
7,Transportes y comunicaciones,QUINTANA ROO,QUINTANA ROO,Quintana Roo,202601,MultiPolygon,0,0,,2552.26,645.61,,subdel,1,23,0,0,0,0,8,6,2,0,75 años y más,322.805,425.376666667,,8
7,Transportes y comunicaciones,QUINTANA ROO,QUINTANA ROO,Quintana Roo,202601,MultiPolygon,35186.859999999,5087.230000000,,37303.9,630.08,,subdel,1,23,127,111,16,0,90,88,2,0,75 años y más,315.04,423.907954545,,90
7,Transportes y comunicaciones,SAN LUIS POTOSÍ,SAN LUIS POTOSÍ,San Luis Potosí,202601,Polygon,0,,,3373.34,,,subdel,1,24,0,0,0,0,8,8,0,0,75 años y más,,421.6675,,8
7,Transportes y comunicaciones,SAN LUIS POTOSÍ,SAN LUIS POTOSÍ,San Luis Potosí,202601,Polygon,42283.779999999,7370.160000000,,27878.77,891.75,,subdel,1,24,155,132,23,0,74,72,2,0,75 años y más,445.875,387.205138889,,74
7,Transportes y comunicaciones,SINALOA,SINALOA,Sinaloa,202601,MultiPolygon,0,0,,5734.95,330.57,,subdel,1,25,0,0,0,0,15,14,1,0,75 años y más,330.57,409.639285714,,15
7,Transportes y comunicaciones,SINALOA,SINALOA,Sinaloa,202601,MultiPolygon,54606.189999999,7292.510000000,,45684.06,2100.56,,subdel,1,25,195,172,23,0,118,114,4,0,75 años y más,525.14,400.737368421,,118
7,Transportes y comunicaciones,SONORA,SONORA,Sonora,202601,MultiPolygon,0,,,1362.15,,,subdel,1,26,0,0,0,0,4,4,0,0,75 años y más,,340.5375,,4
7,Transportes y comunicaciones,SONORA,SONORA,Sonora,202601,MultiPolygon,32248.699999999,7086.180000000,,48082.58,1980.49,,subdel,1,26,123,101,22,0,122,116,6,0,75 años y más,330.081666667,414.505,,122
7,Transportes y comunicaciones,TABASCO,TABASCO,Tabasco,202601,MultiPolygon,0,,,406.33,,,subdel,1,27,0,0,0,0,1,1,0,0,75 años y más,,406.33,,1
7,Transportes y comunicaciones,TABASCO,TABASCO,Tabasco,202601,MultiPolygon,26241.499999999,3873.660000000,,18394.07,1267.95,,subdel,1,27,95,83,12,0,45,42,3,0,75 años y más,422.65,437.954047619,,45
7,Transportes y comunicaciones,TAMAULIPAS,TAMAULIPAS,Tamaulipas,202601,MultiPolygon,0,,,4008.87,,,subdel,1,28,0,0,0,0,9,9,0,0,75 años y más,,445.43,,9
7,Transportes y comunicaciones,TAMAULIPAS,TAMAULIPAS,Tamaulipas,202601,MultiPolygon,59166.869999999,8599.260000000,,64300.81,4951.21,,subdel,1,28,213,186,27,0,161,149,12,0,75 años y más,412.600833333,431.549060403,,161
7,Transportes y comunicaciones,TLAXCALA,TLAXCALA,Tlaxcala,202601,Polygon,12679.250000000,645.610000000,,4753.6,0,,subdel,1,29,42,40,2,0,11,11,0,0,75 años y más,,432.145454545,,11
7,Transportes y comunicaciones,VERACRUZ,VERACRUZ,Veracruz,202601,MultiPolygon,315.040000000,,,0,,,subdel,1,30,1,1,0,0,0,0,0,0,75 años y más,,,,0
7,Transportes y comunicaciones,VERACRUZ,VERACRUZ,Veracruz,202601,MultiPolygon,315.040000000,,,0,,,subdel,1,30,1,1,0,0,0,0,0,0,75 años y más,,,,0
7,Transportes y comunicaciones,VERACRUZ,VERACRUZ,Veracruz,202601,MultiPolygon,0,0,,2735.39,733.12,,subdel,1,30,0,0,0,0,9,7,2,0,75 años y más,366.56,390.77,,9
7,Transportes y comunicaciones,VERACRUZ,VERACRUZ,Veracruz,202601,MultiPolygon,68195.239999998,7669.670000000,,65575.85,3544.57,,subdel,1,30,238,214,24,0,162,154,8,0,75 años y más,443.07125,425.817207792,,162
7,Transportes y comunicaciones,YUCATÁN,YUCATÁN,Yucatán,202601,MultiPolygon,0,0,,1232.12,1098.2,,subdel,1,31,0,0,0,0,5,3,2,0,75 años y más,549.1,410.706666667,,5
7,Transportes y comunicaciones,YUCATÁN,YUCATÁN,Yucatán,202601,MultiPolygon,36194.099999999,5180.410000000,,44874.09,1125.77,,subdel,1,31,130,114,16,0,111,108,3,0,75 años y más,375.256666667,415.500833333,,111
7,Transportes y comunicaciones,ZACATECAS,ZACATECAS,Zacatecas,202601,Polygon,0,,,315.04,,,subdel,1,32,0,0,0,0,1,1,0,0,75 años y más,,315.04,,1
7,Transportes y comunicaciones,ZACATECAS,ZACATECAS,Zacatecas,202601,Polygon,15323.810000000,1575.200000000,,6084.45,0,,subdel,1,32,53,48,5,0,15,15,0,0,75 años y más,,405.63,,15
7,Transportes y comunicaciones,EXTRANJERO/EXTRANJERA,,Extranjero/Extranjera,202601,,121532.059999997,16790.300000000,,8692,330.57,,subdel,1,,436,383,53,0,22,21,1,0,Entre 15 y 20 años,330.57,413.904761905,,22
7,Transportes y comunicaciones,AGUASCALIENTES,AGUASCALIENTES,Aguascalientes,202601,Polygon,201067.969999995,15876.240000000,,28214.1,971.17,,subdel,1,1,681,631,50,0,76,73,3,0,Entre 15 y 20 años,323.723333333,386.494520548,,76
7,Transportes y comunicaciones,BAJA CALIFORNIA,BAJA CALIFORNIA,Baja California,202601,MultiPolygon,361702.329999992,36668.879999999,,141145.43,4656.74,,subdel,1,2,1256,1140,116,0,343,331,12,0,Entre 15 y 20 años,388.061666667,426.421238671,,343
7,Transportes y comunicaciones,BAJA CALIFORNIA SUR,BAJA CALIFORNIA SUR,Baja California Sur,202601,MultiPolygon,88346.519999998,7592.020000000,,34753.84,1825.46,,subdel,1,3,303,279,24,0,78,74,4,0,Entre 15 y 20 años,456.365,469.646486486,,78
7,Transportes y comunicaciones,CAMPECHE,CAMPECHE,Campeche,202601,MultiPolygon,110942.139999997,8583.730000000,,22543.53,315.04,,subdel,1,4,377,350,27,0,52,51,1,0,Entre 15 y 20 años,315.04,442.03,,52
7,Transportes y comunicaciones,COAHUILA DE ZARAGOZA,COAHUILA DE ZARAGOZA,Coahuila de Zaragoza,202601,Polygon,311586.799999993,30734.879999999,,86569.01,1140.96,,subdel,1,5,1078,981,97,0,201,198,3,0,Entre 15 y 20 años,380.32,437.217222222,,201
7,Transportes y comunicaciones,COLIMA,COLIMA,Colima,202601,MultiPolygon,128713.799999997,11356.970000000,,15982.9,714.14,,subdel,1,6,442,406,36,0,40,38,2,0,Entre 15 y 20 años,357.07,420.602631579,,40
7,Transportes y comunicaciones,CHIAPAS,CHIAPAS,Chiapas,202601,MultiPolygon,293090.789999993,16113.630000000,,84402.36,1494.73,,subdel,1,7,975,924,51,0,200,196,4,0,Entre 15 y 20 años,373.6825,430.624285714,,200
7,Transportes y comunicaciones,CHIHUAHUA,CHIHUAHUA,Chihuahua,202601,Polygon,532372.319999988,76410.509999998,,113472.62,6797.55,,subdel,1,8,1925,1683,242,0,288,271,17,0,Entre 15 y 20 años,399.855882353,418.718154982,,288
7,Transportes y comunicaciones,DURANGO,DURANGO,Durango,202601,Polygon,229181.969999995,20648.430000000,,34007.57,960.65,,subdel,1,10,788,723,65,0,85,82,3,0,Entre 15 y 20 años,320.216666667,414.726463415,,85
7,Transportes y comunicaciones,GUANAJUATO,GUANAJUATO,Guanajuato,202601,Polygon,641011.779999985,44238.399999999,,83183.04,4088.02,,subdel,1,11,2158,2018,140,0,222,212,10,0,Entre 15 y 20 años,408.802,392.372830189,,222
7,Transportes y comunicaciones,GUERRERO,GUERRERO,Guerrero,202601,MultiPolygon,149568.379999997,14905.720000000,,52087.09,2125.6,,subdel,1,12,517,470,47,0,125,119,6,0,Entre 15 y 20 años,354.266666667,437.706638655,,125
7,Transportes y comunicaciones,HIDALGO,HIDALGO,Hidalgo,202601,Polygon,94031.729999998,7623.080000000,,24401.2,1087.09,,subdel,1,13,320,296,24,0,59,56,3,0,Entre 15 y 20 años,362.363333333,435.735714286,,59
7,Transportes y comunicaciones,JALISCO,JALISCO,Jalisco,202601,MultiPolygon,1301456.82999997,130360.249999997,,338741.3,10129.69,,subdel,1,14,4502,4092,410,0,805,778,27,0,Entre 15 y 20 años,375.173703704,435.400128535,,805
7,Transportes y comunicaciones,MÉXICO,MÉXICO,México,202601,Polygon,2381952.83999995,220999.489999995,,300319.02,17402.23,,subdel,1,15,8205,7508,697,0,809,764,45,0,Entre 15 y 20 años,386.716222222,393.087722513,,809
7,Transportes y comunicaciones,MICHOACÁN DE OCAMPO,MICHOACÁN DE OCAMPO,Michoacán de Ocampo,202601,MultiPolygon,234500.659999995,13056.410000000,,33411.16,850.85,,subdel,1,16,775,734,41,0,84,82,2,0,Entre 15 y 20 años,425.425,407.453170732,,84
7,Transportes y comunicaciones,MORELOS,MORELOS,Morelos,202601,Polygon,281908.269999994,26028.199999999,,31292.6,1772.03,,subdel,1,17,971,889,82,0,84,79,5,0,Entre 15 y 20 años,354.406,396.108860759,,84
7,Transportes y comunicaciones,NAYARIT,NAYARIT,Nayarit,202601,MultiPolygon,131257.969999997,9812.830000000,,49236.57,1910.72,,subdel,1,18,447,416,31,0,119,114,5,0,Entre 15 y 20 años,382.144,431.899736842,,119
7,Transportes y comunicaciones,NUEVO LEÓN,NUEVO LEÓN,Nuevo León,202601,Polygon,826228.989999981,83172.029999998,,325487.39,12362.57,,subdel,1,19,2864,2602,262,0,785,756,29,0,Entre 15 y 20 años,426.295517241,430.538875661,,785
7,Transportes y comunicaciones,OAXACA,OAXACA,Oaxaca,202601,MultiPolygon,174860.499999996,19909.640000000,,40742.69,2278.02,,subdel,1,20,614,551,63,0,103,99,4,0,Entre 15 y 20 años,569.505,411.542323232,,103
7,Transportes y comunicaciones,PUEBLA,PUEBLA,Puebla,202601,Polygon,442208.43999999,32915.019999999,,90186.53,3603.83,,subdel,1,21,1491,1388,103,0,228,218,10,0,Entre 15 y 20 años,360.383,413.699678899,,228
7,Transportes y comunicaciones,QUERÉTARO,QUERÉTARO,Querétaro,202601,Polygon,213096.949999995,16160.220000000,,45563.24,965.76,,subdel,1,22,719,668,51,0,112,109,3,0,Entre 15 y 20 años,321.92,418.011376147,,112
7,Transportes y comunicaciones,QUINTANA ROO,QUINTANA ROO,Quintana Roo,202601,MultiPolygon,316450.909999993,32083.049999999,,44781.14,1437.34,,subdel,1,23,1099,998,101,0,108,104,4,0,Entre 15 y 20 años,359.335,430.587884615,,108
7,Transportes y comunicaciones,SAN LUIS POTOSÍ,SAN LUIS POTOSÍ,San Luis Potosí,202601,Polygon,290331.189999993,28193.859999999,,73101.84,3899.14,,subdel,1,24,1003,914,89,0,187,178,9,0,Entre 15 y 20 años,433.237777778,410.684494382,,187
7,Transportes y comunicaciones,SINALOA,SINALOA,Sinaloa,202601,MultiPolygon,448866.22999999,27594.839999999,,121767.5,2637.18,,subdel,1,25,1506,1419,87,0,291,284,7,0,Entre 15 y 20 años,376.74,428.758802817,,291
7,Transportes y comunicaciones,SONORA,SONORA,Sonora,202601,MultiPolygon,274904.059999994,27042.409999999,,92895.52,4849.38,,subdel,1,26,950,865,85,0,239,227,12,0,Entre 15 y 20 años,404.115,409.231365639,,239
7,Transportes y comunicaciones,TABASCO,TABASCO,Tabasco,202601,MultiPolygon,194325.679999996,18003.870000000,,53107.29,1879.05,,subdel,1,27,670,613,57,0,126,121,5,0,Entre 15 y 20 años,375.81,438.903223140,,126
7,Transportes y comunicaciones,TAMAULIPAS,TAMAULIPAS,Tamaulipas,202601,MultiPolygon,357756.339999992,40527.009999999,,116902.92,5852.84,,subdel,1,28,1256,1128,128,0,277,263,14,0,Entre 15 y 20 años,418.06,444.497794677,,277
7,Transportes y comunicaciones,TLAXCALA,TLAXCALA,Tlaxcala,202601,Polygon,77191.449999998,1590.730000000,,12630.06,315.04,,subdel,1,29,248,243,5,0,32,31,1,0,Entre 15 y 20 años,315.04,407.421290323,,32
7,Transportes y comunicaciones,VERACRUZ,VERACRUZ,Veracruz,202601,MultiPolygon,404171.739999991,42681.259999999,,144752.93,7311.51,,subdel,1,30,1406,1272,134,0,346,330,16,0,Entre 15 y 20 años,456.969375,438.645242424,,346
7,Transportes y comunicaciones,YUCATÁN,YUCATÁN,Yucatán,202601,MultiPolygon,233297.809999995,25741.239999999,,59847.83,4616.3,,subdel,1,31,815,734,81,0,156,144,12,0,Entre 15 y 20 años,384.691666667,415.609930556,,156
7,Transportes y comunicaciones,ZACATECAS,ZACATECAS,Zacatecas,202601,Polygon,105772.779999998,4111.050000000,,12401.84,1332.65,,subdel,1,32,346,333,13,0,34,31,3,0,Entre 15 y 20 años,444.216666667,400.059354839,,34
7,Transportes y comunicaciones,EXTRANJERO/EXTRANJERA,,Extranjero/Extranjera,202601,,519749.369999988,66250.519999998,,85115.38,3082.51,,subdel,1,,1840,1631,209,0,198,191,7,0,Entre 20 y 25 años,440.358571429,445.630261780,,198
7,Transportes y comunicaciones,AGUASCALIENTES,AGUASCALIENTES,Aguascalientes,202601,Polygon,1003526.90999998,91508.019999998,,55889.99,784.13,,subdel,1,1,3433,3145,288,0,143,141,2,0,Entre 20 y 25 años,392.065,396.382907801,,143
7,Transportes y comunicaciones,BAJA CALIFORNIA,BAJA CALIFORNIA,Baja California,202601,MultiPolygon,2113110.02999995,242993.449999995,,292571.67,20005.42,,subdel,1,2,7408,6641,767,0,716,668,48,0,Entre 20 y 25 años,416.779583333,437.981541916,,716
7,Transportes y comunicaciones,BAJA CALIFORNIA SUR,BAJA CALIFORNIA SUR,Baja California Sur,202601,MultiPolygon,426466.30999999,49306.709999999,,46321.95,4127.09,,subdel,1,3,1497,1341,156,0,109,100,9,0,Entre 20 y 25 años,458.565555556,463.2195,,109
7,Transportes y comunicaciones,CAMPECHE,CAMPECHE,Campeche,202601,MultiPolygon,725475.229999984,62982.849999999,,47369.37,4987.41,,subdel,1,4,2488,2289,199,0,127,114,13,0,Entre 20 y 25 años,383.646923077,415.520789474,,127
7,Transportes y comunicaciones,COAHUILA DE ZARAGOZA,COAHUILA DE ZARAGOZA,Coahuila de Zaragoza,202601,Polygon,1854553.01999996,213783.919999995,,269779.83,10195.62,,subdel,1,5,6497,5824,673,0,634,610,24,0,Entre 20 y 25 años,424.8175,442.262016393,,634
7,Transportes y comunicaciones,COLIMA,COLIMA,Colima,202601,MultiPolygon,604521.129999986,73430.939999998,,33806.3,4182.47,,subdel,1,6,2137,1905,232,0,86,76,10,0,Entre 20 y 25 años,418.247,444.819736842,,86
7,Transportes y comunicaciones,CHIAPAS,CHIAPAS,Chiapas,202601,MultiPolygon,1906700.57999996,154798.939999996,,202832.14,6465.34,,subdel,1,7,6488,6000,488,0,488,473,15,0,Entre 20 y 25 años,431.022666667,428.820591966,,488
7,Transportes y comunicaciones,CHIHUAHUA,CHIHUAHUA,Chihuahua,202601,Polygon,2936458.66999993,573289.049999987,,240947.12,23769.46,,subdel,1,8,11073,9261,1812,0,628,568,60,0,Entre 20 y 25 años,396.157666667,424.202676056,,628
7,Transportes y comunicaciones,DURANGO,DURANGO,Durango,202601,Polygon,1224950.11999997,133183.949999997,,79545.43,2814.75,,subdel,1,10,4279,3858,421,0,196,188,8,0,Entre 20 y 25 años,351.84375,423.113989362,,196
7,Transportes y comunicaciones,GUANAJUATO,GUANAJUATO,Guanajuato,202601,Polygon,3315460.27999992,275051.459999994,,237881.2,10886.56,,subdel,1,11,11264,10397,867,0,620,592,28,0,Entre 20 y 25 años,388.805714286,401.826351351,,620
7,Transportes y comunicaciones,GUERRERO,GUERRERO,Guerrero,202601,MultiPolygon,964113.699999978,118690.199999997,,129767.38,9189.6,,subdel,1,12,3391,3018,373,0,309,288,21,0,Entre 20 y 25 años,437.6,450.581180556,,309
7,Transportes y comunicaciones,HIDALGO,HIDALGO,Hidalgo,202601,Polygon,571239.249999987,57674.499999999,,62039.72,3797.48,,subdel,1,13,1971,1790,181,0,152,143,9,0,Entre 20 y 25 años,421.942222222,433.844195804,,152
7,Transportes y comunicaciones,JALISCO,JALISCO,Jalisco,202601,MultiPolygon,6582846.53999985,679461.739999985,,689541.2,33345.31,,subdel,1,14,22730,20593,2137,0,1694,1608,86,0,Entre 20 y 25 años,387.736162791,428.819154229,,1694
7,Transportes y comunicaciones,MÉXICO,MÉXICO,México,202601,Polygon,11755687.8799997,1267529.17999997,,736512.62,26178.51,,subdel,1,15,40934,36944,3990,0,1872,1801,71,0,Entre 20 y 25 años,368.711408451,408.946485286,,1872
7,Transportes y comunicaciones,MICHOACÁN DE OCAMPO,MICHOACÁN DE OCAMPO,Michoacán de Ocampo,202601,MultiPolygon,1395208.90999997,113526.789999997,,91280.1,5159.88,,subdel,1,16,4718,4363,355,0,236,223,13,0,Entre 20 y 25 años,396.913846154,409.327802691,,236
7,Transportes y comunicaciones,MORELOS,MORELOS,Morelos,202601,Polygon,1367020.71999997,151087.549999997,,60548.62,4252.58,,subdel,1,17,4779,4303,476,0,162,151,11,0,Entre 20 y 25 años,386.598181818,400.984238411,,162
7,Transportes y comunicaciones,NAYARIT,NAYARIT,Nayarit,202601,MultiPolygon,738524.749999983,68880.599999998,,89422.59,2946.25,,subdel,1,18,2544,2326,218,0,214,206,8,0,Entre 20 y 25 años,368.28125,434.090242718,,214
7,Transportes y comunicaciones,NUEVO LEÓN,NUEVO LEÓN,Nuevo León,202601,Polygon,4532668.0399999,578699.589999987,,755416.27,39295.02,,subdel,1,19,16038,14218,1820,0,1778,1680,98,0,Entre 20 y 25 años,400.969591837,449.652541667,,1778
7,Transportes y comunicaciones,OAXACA,OAXACA,Oaxaca,202601,MultiPolygon,1221855.26999997,121101.069999997,,139548.68,7529.53,,subdel,1,20,4229,3847,382,0,335,315,20,0,Entre 20 y 25 años,376.4765,443.011682540,,335
7,Transportes y comunicaciones,PUEBLA,PUEBLA,Puebla,202601,Polygon,2763917.42999994,252358.839999994,,238417.21,6929.7,,subdel,1,21,9443,8651,792,0,590,571,19,0,Entre 20 y 25 años,364.721052632,417.543274956,,590
7,Transportes y comunicaciones,QUERÉTARO,QUERÉTARO,Querétaro,202601,Polygon,1165813.13999997,102561.039999998,,108941.47,5515.79,,subdel,1,22,3977,3655,322,0,276,261,15,0,Entre 20 y 25 años,367.719333333,417.400268199,,276
7,Transportes y comunicaciones,QUINTANA ROO,QUINTANA ROO,Quintana Roo,202601,MultiPolygon,1392285.39999997,171017.889999996,,90667.53,6086.99,,subdel,1,23,4922,4383,539,0,221,205,16,0,Entre 20 y 25 años,380.436875,442.280634146,,221
7,Transportes y comunicaciones,SAN LUIS POTOSÍ,SAN LUIS POTOSÍ,San Luis Potosí,202601,Polygon,1671850.04999996,191746.699999996,,154685.46,10541.89,,subdel,1,24,5846,5244,602,0,383,355,28,0,Entre 20 y 25 años,376.496071429,435.733690141,,383
7,Transportes y comunicaciones,SINALOA,SINALOA,Sinaloa,202601,MultiPolygon,2522768.62999994,227723.969999995,,256315.94,9784.34,,subdel,1,25,8673,7954,719,0,624,600,24,0,Entre 20 y 25 años,407.680833333,427.193233333,,624
7,Transportes y comunicaciones,SONORA,SONORA,Sonora,202601,MultiPolygon,1724699.92999996,176838.739999996,,211839.94,19196.44,,subdel,1,26,5975,5418,557,0,552,500,52,0,Entre 20 y 25 años,369.162307692,423.67988,,552
7,Transportes y comunicaciones,TABASCO,TABASCO,Tabasco,202601,MultiPolygon,1407710.23999997,142225.019999997,,138172.36,8188.97,,subdel,1,27,4879,4431,448,0,332,314,18,0,Entre 20 y 25 años,454.942777778,440.039363057,,332
7,Transportes y comunicaciones,TAMAULIPAS,TAMAULIPAS,Tamaulipas,202601,MultiPolygon,2190690.07999995,296071.129999993,,271869.42,17143.64,,subdel,1,28,7837,6903,934,0,648,608,40,0,Entre 20 y 25 años,428.591,447.153651316,,648
7,Transportes y comunicaciones,TLAXCALA,TLAXCALA,Tlaxcala,202601,Polygon,469443.899999989,24175.989999999,,27832.8,1613.6,,subdel,1,29,1552,1476,76,0,67,64,3,0,Entre 20 y 25 años,537.866666667,434.8875,,67
7,Transportes y comunicaciones,VERACRUZ,VERACRUZ,Veracruz,202601,MultiPolygon,3255866.00999993,331707.089999992,,415395.63,22482.35,,subdel,1,30,11265,10222,1043,0,986,932,54,0,Entre 20 y 25 años,416.339814815,445.703465665,,986
7,Transportes y comunicaciones,YUCATÁN,YUCATÁN,Yucatán,202601,MultiPolygon,1657747.83999996,159409.479999996,,194592.02,7966.99,,subdel,1,31,5702,5202,500,0,475,454,21,0,Entre 20 y 25 años,379.380476190,428.616784141,,475
7,Transportes y comunicaciones,ZACATECAS,ZACATECAS,Zacatecas,202601,Polygon,539245.709999988,37738.239999999,,33681.99,2282.59,,subdel,1,32,1811,1692,119,0,85,80,5,0,Entre 20 y 25 años,456.518,421.024875,,85
7,Transportes y comunicaciones,EXTRANJERO/EXTRANJERA,,Extranjero/Extranjera,202601,,579872.879999987,64009.889999999,,96856.26,7428.92,,subdel,1,,2011,1810,201,0,233,215,18,0,Entre 25 y 30 años,412.717777778,450.494232558,,233
7,Transportes y comunicaciones,AGUASCALIENTES,AGUASCALIENTES,Aguascalientes,202601,Polygon,1040375.49999998,113999.909999997,,70886.41,2844.75,,subdel,1,1,3619,3261,358,0,177,170,7,0,Entre 25 y 30 años,406.392857143,416.978882353,,177
7,Transportes y comunicaciones,BAJA CALIFORNIA,BAJA CALIFORNIA,Baja California,202601,MultiPolygon,2319619.77999995,331896.229999992,,258194.55,23036.72,,subdel,1,2,8314,7270,1044,0,623,568,55,0,Entre 25 y 30 años,418.849454545,454.567869718,,623
7,Transportes y comunicaciones,BAJA CALIFORNIA SUR,BAJA CALIFORNIA SUR,Baja California Sur,202601,MultiPolygon,385141.679999991,65203.659999999,,46513.67,7435.22,,subdel,1,3,1417,1211,206,0,119,103,16,0,Entre 25 y 30 años,464.70125,451.589029126,,119
7,Transportes y comunicaciones,CAMPECHE,CAMPECHE,Campeche,202601,MultiPolygon,984492.859999978,120404.429999997,,68077.63,2748.63,,subdel,1,4,3481,3102,379,0,160,152,8,0,Entre 25 y 30 años,343.57875,447.879144737,,160
7,Transportes y comunicaciones,COAHUILA DE ZARAGOZA,COAHUILA DE ZARAGOZA,Coahuila de Zaragoza,202601,Polygon,2471576.21999994,279926.369999994,,337007.24,15792.65,,subdel,1,5,8614,7733,881,0,788,750,38,0,Entre 25 y 30 años,415.596052632,449.342986667,,788
7,Transportes y comunicaciones,COLIMA,COLIMA,Colima,202601,MultiPolygon,556436.339999987,64544.609999999,,30786.58,3497.68,,subdel,1,6,1950,1747,203,0,83,73,10,0,Entre 25 y 30 años,349.768,421.733972603,,83
7,Transportes y comunicaciones,CHIAPAS,CHIAPAS,Chiapas,202601,MultiPolygon,2470054.32999994,215811.249999995,,224774.94,8178.25,,subdel,1,7,8441,7761,680,0,528,509,19,0,Entre 25 y 30 años,430.434210526,441.601060904,,528
7,Transportes y comunicaciones,CHIHUAHUA,CHIHUAHUA,Chihuahua,202601,Polygon,3114532.55999993,724958.439999984,,308632.95,29509.57,,subdel,1,8,12090,9800,2290,0,780,704,76,0,Entre 25 y 30 años,388.283815789,438.399076705,,780
7,Transportes y comunicaciones,CIUDAD DE MÉXICO,CIUDAD DE MÉXICO,Ciudad de México,202601,Polygon,15955531.1099996,1990458.70999995,,1528955.06,79092.48,,subdel,1,9,56108,49870,6238,0,3916,3702,214,0,Entre 25 y 30 años,369.591028037,413.007849811,,3916
7,Transportes y comunicaciones,DURANGO,DURANGO,Durango,202601,Polygon,1272317.85999997,160369.719999996,,100263.96,5816.73,,subdel,1,10,4504,3999,505,0,239,224,15,0,Entre 25 y 30 años,387.782,447.606964286,,239
7,Transportes y comunicaciones,GUANAJUATO,GUANAJUATO,Guanajuato,202601,Polygon,3527227.15999992,333605.249999992,,327504,16450.12,,subdel,1,11,12088,11039,1049,0,822,779,43,0,Entre 25 y 30 años,382.560930233,420.415917843,,822
7,Transportes y comunicaciones,GUERRERO,GUERRERO,Guerrero,202601,MultiPolygon,1278424.46999997,146548.229999997,,151751.41,8538.18,,subdel,1,12,4451,3991,460,0,350,328,22,0,Entre 25 y 30 años,388.099090909,462.656737805,,350
7,Transportes y comunicaciones,HIDALGO,HIDALGO,Hidalgo,202601,Polygon,720420.469999983,69873.789999998,,85910.05,6438.21,,subdel,1,13,2472,2253,219,0,204,190,14,0,Entre 25 y 30 años,459.872142857,452.158157895,,204
7,Transportes y comunicaciones,JALISCO,JALISCO,Jalisco,202601,MultiPolygon,7207200.50999983,773517.499999982,,787167.51,54060.09,,subdel,1,14,24916,22490,2426,0,1910,1775,135,0,Entre 25 y 30 años,400.445111111,443.474653521,,1910
7,Transportes y comunicaciones,MÉXICO,MÉXICO,México,202601,Polygon,12291372.9799997,1263931.01999997,,875852.06,44598.55,,subdel,1,15,42500,38530,3970,0,2231,2110,121,0,Entre 25 y 30 años,368.583057851,415.095763033,,2231
7,Transportes y comunicaciones,MICHOACÁN DE OCAMPO,MICHOACÁN DE OCAMPO,Michoacán de Ocampo,202601,MultiPolygon,1645328.07999996,144925.599999997,,134718.35,8901.28,,subdel,1,16,5591,5138,453,0,339,316,23,0,Entre 25 y 30 años,387.012173913,426.323892405,,339
7,Transportes y comunicaciones,MORELOS,MORELOS,Morelos,202601,Polygon,1402412.44999997,156061.629999996,,81160.69,2423.57,,subdel,1,17,4896,4405,491,0,201,194,7,0,Entre 25 y 30 años,346.224285714,418.354072165,,201
7,Transportes y comunicaciones,NAYARIT,NAYARIT,Nayarit,202601,MultiPolygon,878452.01999998,72274.309999998,,120861.27,3637.15,,subdel,1,18,2984,2756,228,0,286,277,9,0,Entre 25 y 30 años,404.127777778,436.322274368,,286
7,Transportes y comunicaciones,NUEVO LEÓN,NUEVO LEÓN,Nuevo León,202601,Polygon,5467357.00999987,772781.989999982,,919391.17,56603.97,,subdel,1,19,19545,17119,2426,0,2121,1985,136,0,Entre 25 y 30 años,416.205661765,463.169355164,,2121
7,Transportes y comunicaciones,OAXACA,OAXACA,Oaxaca,202601,MultiPolygon,1528648.77999997,153039.799999997,,129199.1,10383.63,,subdel,1,20,5272,4791,481,0,324,301,23,0,Entre 25 y 30 años,451.462173913,429.232890365,,324
7,Transportes y comunicaciones,QUERÉTARO,QUERÉTARO,Querétaro,202601,Polygon,1335642.47999997,142989.729999997,,134093.57,7300.55,,subdel,1,22,4624,4175,449,0,333,315,18,0,Entre 25 y 30 años,405.586111111,425.693873016,,333
7,Transportes y comunicaciones,QUINTANA ROO,QUINTANA ROO,Quintana Roo,202601,MultiPolygon,1344923.94999997,181750.689999996,,102108.88,6178.82,,subdel,1,23,4795,4223,572,0,236,220,16,0,Entre 25 y 30 años,386.17625,464.131272727,,236
7,Transportes y comunicaciones,SAN LUIS POTOSÍ,SAN LUIS POTOSÍ,San Luis Potosí,202601,Polygon,2010664.55999995,246011.479999994,,225110.84,10533.31,,subdel,1,24,7062,6289,773,0,546,519,27,0,Entre 25 y 30 años,390.122592593,433.739576108,,546
7,Transportes y comunicaciones,SINALOA,SINALOA,Sinaloa,202601,MultiPolygon,2869146.72999993,305532.289999993,,288793.12,18396.71,,subdel,1,25,10000,9036,964,0,697,651,46,0,Entre 25 y 30 años,399.928478261,443.614623656,,697
7,Transportes y comunicaciones,SONORA,SONORA,Sonora,202601,MultiPolygon,2064387.73999995,290805.779999993,,243952.96,20846.84,,subdel,1,26,7382,6467,915,0,617,561,56,0,Entre 25 y 30 años,372.265,434.853761141,,617
7,Transportes y comunicaciones,TABASCO,TABASCO,Tabasco,202601,MultiPolygon,1866201.87999996,202337.009999995,,153348.43,8751.92,,subdel,1,27,6496,5859,637,0,366,343,23,0,Entre 25 y 30 años,380.518260870,447.079970845,,366
7,Transportes y comunicaciones,TAMAULIPAS,TAMAULIPAS,Tamaulipas,202601,MultiPolygon,2601789.82999994,355889.849999992,,304445.75,18113.92,,subdel,1,28,9319,8196,1123,0,699,658,41,0,Entre 25 y 30 años,441.802926829,462.683510638,,699
7,Transportes y comunicaciones,TLAXCALA,TLAXCALA,Tlaxcala,202601,Polygon,579978.819999987,37656.149999999,,42577.34,1002.07,,subdel,1,29,1937,1819,118,0,102,100,2,0,Entre 25 y 30 años,501.035,425.7734,,102
7,Transportes y comunicaciones,VERACRUZ,VERACRUZ,Veracruz,202601,MultiPolygon,4546635.8799999,515460.159999988,,566375.23,29101.35,,subdel,1,30,15872,14254,1618,0,1329,1255,74,0,Entre 25 y 30 años,393.261486486,451.295003984,,1329
7,Transportes y comunicaciones,YUCATÁN,YUCATÁN,Yucatán,202601,MultiPolygon,2198765.80999995,244902.219999994,,222634.56,21708.41,,subdel,1,31,7666,6899,767,0,567,517,50,0,Entre 25 y 30 años,434.1682,430.627775629,,567
7,Transportes y comunicaciones,ZACATECAS,ZACATECAS,Zacatecas,202601,Polygon,593625.729999986,54524.099999999,,46814.45,3920.18,,subdel,1,32,2030,1859,171,0,125,115,10,0,Entre 25 y 30 años,392.018,407.082173913,,125
7,Transportes y comunicaciones,EXTRANJERO/EXTRANJERA,,Extranjero/Extranjera,202601,,667924.539999985,88039.389999998,,95338.83,4472.16,,subdel,1,,2359,2083,276,0,220,208,12,0,Entre 30 y 35 años,372.68,458.359759615,,220
7,Transportes y comunicaciones,AGUASCALIENTES,AGUASCALIENTES,Aguascalientes,202601,Polygon,919549.729999979,109236.869999997,,58975.28,4339.13,,subdel,1,1,3225,2882,343,0,156,145,11,0,Entre 30 y 35 años,394.466363636,406.726068966,,156
7,Transportes y comunicaciones,BAJA CALIFORNIA,BAJA CALIFORNIA,Baja California,202601,MultiPolygon,1789617.27999996,313183.169999993,,216865.08,20033.32,,subdel,1,2,6586,5602,984,0,519,470,49,0,Entre 30 y 35 años,408.843265306,461.415063830,,519
7,Transportes y comunicaciones,BAJA CALIFORNIA SUR,BAJA CALIFORNIA SUR,Baja California Sur,202601,MultiPolygon,330834.139999992,68465.139999998,,37509.66,3895.04,,subdel,1,3,1250,1034,216,0,87,78,9,0,Entre 30 y 35 años,432.782222222,480.893076923,,87
7,Transportes y comunicaciones,CAMPECHE,CAMPECHE,Campeche,202601,MultiPolygon,999030.599999977,145028.579999997,,86432.07,8261.46,,subdel,1,4,3602,3144,458,0,210,188,22,0,Entre 30 y 35 años,375.520909091,459.745053191,,210
7,Transportes y comunicaciones,COAHUILA DE ZARAGOZA,COAHUILA DE ZARAGOZA,Coahuila de Zaragoza,202601,Polygon,2544397.29999994,330187.159999992,,289352.92,21152.72,,subdel,1,5,8962,7924,1038,0,701,650,51,0,Entre 30 y 35 años,414.759215686,445.158338462,,701
7,Transportes y comunicaciones,COLIMA,COLIMA,Colima,202601,MultiPolygon,462172.379999989,77337.249999998,,38859.37,2177.67,,subdel,1,6,1695,1451,244,0,90,85,5,0,Entre 30 y 35 años,435.534,457.169058824,,90
7,Transportes y comunicaciones,CHIAPAS,CHIAPAS,Chiapas,202601,MultiPolygon,2197134.30999995,195687.789999996,,207473.54,9503.78,,subdel,1,7,7504,6889,615,0,484,460,24,0,Entre 30 y 35 años,395.990833333,451.029434783,,484
7,Transportes y comunicaciones,CHIHUAHUA,CHIHUAHUA,Chihuahua,202601,Polygon,2803585.94999994,714436.379999984,,259746.36,30284.62,,subdel,1,8,11062,8811,2251,0,673,596,77,0,Entre 30 y 35 años,393.306753247,435.816040268,,673
7,Transportes y comunicaciones,CIUDAD DE MÉXICO,CIUDAD DE MÉXICO,Ciudad de México,202601,Polygon,16159946.4499996,2038225.35999995,,1807611.79,107414,,subdel,1,9,56817,50441,6376,0,4551,4260,291,0,Entre 30 y 35 años,369.120274914,424.322016432,,4551
7,Transportes y comunicaciones,DURANGO,DURANGO,Durango,202601,Polygon,1180297.34999997,172834.399999996,,74902.63,6753.91,,subdel,1,10,4249,3704,545,0,186,171,15,0,Entre 30 y 35 años,450.260666667,438.027076023,,186
7,Transportes y comunicaciones,GUANAJUATO,GUANAJUATO,Guanajuato,202601,Polygon,3107629.17999993,315904.559999993,,270285.41,12188.98,,subdel,1,11,10713,9720,993,0,661,629,32,0,Entre 30 y 35 años,380.905625,429.706534181,,661
7,Transportes y comunicaciones,GUERRERO,GUERRERO,Guerrero,202601,MultiPolygon,1149535.04999997,126245.799999997,,146755.48,7010.83,,subdel,1,12,3973,3578,395,0,334,317,17,0,Entre 30 y 35 años,412.401764706,462.951041009,,334
7,Transportes y comunicaciones,HIDALGO,HIDALGO,Hidalgo,202601,Polygon,720606.589999983,75604.839999998,,73097.94,2965.3,,subdel,1,13,2486,2249,237,0,170,163,7,0,Entre 30 y 35 años,423.614285714,448.453619632,,170
7,Transportes y comunicaciones,JALISCO,JALISCO,Jalisco,202601,MultiPolygon,6170421.24999986,752650.969999983,,769739.37,51832.27,,subdel,1,14,21585,19233,2352,0,1882,1752,130,0,Entre 30 y 35 años,398.709769231,439.348955479,,1882
7,Transportes y comunicaciones,MÉXICO,MÉXICO,México,202601,Polygon,10113907.4799998,1037498.97999998,,708198.3,32810.53,,subdel,1,15,34916,31663,3253,0,1771,1685,86,0,Entre 30 y 35 años,381.517790698,420.295727003,,1771
7,Transportes y comunicaciones,MICHOACÁN DE OCAMPO,MICHOACÁN DE OCAMPO,Michoacán de Ocampo,202601,MultiPolygon,1588749.11999996,166893.279999996,,131354.78,6717.49,,subdel,1,16,5483,4961,522,0,321,304,17,0,Entre 30 y 35 años,395.146470588,432.088092105,,321
7,Transportes y comunicaciones,MORELOS,MORELOS,Morelos,202601,Polygon,1135882.95999997,126601.379999997,,71586.17,4112.1,,subdel,1,17,3961,3564,397,0,180,169,11,0,Entre 30 y 35 años,373.827272727,423.586804734,,180
7,Transportes y comunicaciones,NAYARIT,NAYARIT,Nayarit,202601,MultiPolygon,879287.28999998,77839.239999998,,130583.75,8703.58,,subdel,1,18,2982,2738,244,0,307,288,19,0,Entre 30 y 35 años,458.083157895,453.415798611,,307
7,Transportes y comunicaciones,NUEVO LEÓN,NUEVO LEÓN,Nuevo León,202601,Polygon,5184726.27999988,774414.189999982,,936195.66,62855.1,,subdel,1,19,18654,16221,2433,0,2149,2001,148,0,Entre 30 y 35 años,424.696621622,467.863898051,,2149
7,Transportes y comunicaciones,OAXACA,OAXACA,Oaxaca,202601,MultiPolygon,1326760.95999997,140024.589999997,,125471.84,7743.63,,subdel,1,20,4594,4155,439,0,301,282,19,0,Entre 30 y 35 años,407.559473684,444.935602837,,301
7,Transportes y comunicaciones,PUEBLA,PUEBLA,Puebla,202601,Polygon,3084551.26999993,290132.939999993,,301351.51,14588.38,,subdel,1,21,10536,9628,908,0,740,703,37,0,Entre 30 y 35 años,394.280540541,428.665021337,,740
7,Transportes y comunicaciones,QUERÉTARO,QUERÉTARO,Querétaro,202601,Polygon,1163950.42999997,124803.049999997,,114197.83,5645.25,,subdel,1,22,4025,3634,391,0,281,268,13,0,Entre 30 y 35 años,434.25,426.111305970,,281
7,Transportes y comunicaciones,QUINTANA ROO,QUINTANA ROO,Quintana Roo,202601,MultiPolygon,1068762.72999998,163442.139999996,,82947.87,9970.81,,subdel,1,23,3857,3343,514,0,208,186,22,0,Entre 30 y 35 años,453.218636364,445.956290323,,208
7,Transportes y comunicaciones,SAN LUIS POTOSÍ,SAN LUIS POTOSÍ,San Luis Potosí,202601,Polygon,1976897.18999995,253939.639999994,,177157.17,12572.99,,subdel,1,24,6973,6175,798,0,445,413,32,0,Entre 30 y 35 años,392.9059375,428.951985472,,445
7,Transportes y comunicaciones,SINALOA,SINALOA,Sinaloa,202601,MultiPolygon,2714603.90999994,329426.959999993,,288093.51,23755.16,,subdel,1,25,9584,8545,1039,0,699,642,57,0,Entre 30 y 35 años,416.757192982,448.743785047,,699
7,Transportes y comunicaciones,SONORA,SONORA,Sonora,202601,MultiPolygon,1960374.12999995,312120.419999993,,211789.29,27479.63,,subdel,1,26,7114,6133,981,0,553,482,71,0,Entre 30 y 35 años,387.037042254,439.396867220,,553
7,Transportes y comunicaciones,TABASCO,TABASCO,Tabasco,202601,MultiPolygon,1735725.33999996,209336.269999995,,182127.41,9603.42,,subdel,1,27,6103,5444,659,0,426,403,23,0,Entre 30 y 35 años,417.54,451.929057072,,426
7,Transportes y comunicaciones,TAMAULIPAS,TAMAULIPAS,Tamaulipas,202601,MultiPolygon,2360607.76999995,359511.299999992,,241428.54,20065.54,,subdel,1,28,8565,7431,1134,0,573,527,46,0,Entre 30 y 35 años,436.207391304,458.118671727,,573
7,Transportes y comunicaciones,TLAXCALA,TLAXCALA,Tlaxcala,202601,Polygon,518347.939999988,36901.829999999,,38992.67,1807.03,,subdel,1,29,1740,1624,116,0,92,87,5,0,Entre 30 y 35 años,361.406,448.191609195,,92
7,Transportes y comunicaciones,VERACRUZ,VERACRUZ,Veracruz,202601,MultiPolygon,4912420.72999989,597970.229999986,,510847.27,29457.87,,subdel,1,30,17262,15383,1879,0,1199,1126,73,0,Entre 30 y 35 años,403.532465753,453.683188277,,1199
7,Transportes y comunicaciones,YUCATÁN,YUCATÁN,Yucatán,202601,MultiPolygon,2368339.48999995,277704.769999994,,259455.99,15062.15,,subdel,1,31,8288,7417,871,0,612,577,35,0,Entre 30 y 35 años,430.347142857,449.663760832,,612
7,Transportes y comunicaciones,ZACATECAS,ZACATECAS,Zacatecas,202601,Polygon,509548.089999988,57446.719999999,,52746.98,3450.55,,subdel,1,32,1774,1593,181,0,133,126,7,0,Entre 30 y 35 años,492.935714286,418.626825397,,133
7,Transportes y comunicaciones,EXTRANJERO/EXTRANJERA,,Extranjero/Extranjera,202601,,559751.129999987,74175.299999998,,85679.38,4924.48,,subdel,1,,1977,1745,232,0,195,183,12,0,Entre 35 y 40 años,410.373333333,468.193333333,,195
7,Transportes y comunicaciones,AGUASCALIENTES,AGUASCALIENTES,Aguascalientes,202601,Polygon,694361.899999984,83214.179999998,,52150.35,4089.58,,subdel,1,1,2431,2170,261,0,133,123,10,0,Entre 35 y 40 años,408.958,423.986585366,,133
7,Transportes y comunicaciones,BAJA CALIFORNIA,BAJA CALIFORNIA,Baja California,202601,MultiPolygon,1294327.86999997,215934.379999995,,181148.66,18119.48,,subdel,1,2,4730,4052,678,0,430,388,42,0,Entre 35 y 40 años,431.416190476,466.877989691,,430
7,Transportes y comunicaciones,BAJA CALIFORNIA SUR,BAJA CALIFORNIA SUR,Baja California Sur,202601,MultiPolygon,251832.829999994,60659.889999999,,28088.24,3253.8,,subdel,1,3,983,791,192,0,68,60,8,0,Entre 35 y 40 años,406.725,468.137333333,,68
7,Transportes y comunicaciones,CAMPECHE,CAMPECHE,Campeche,202601,MultiPolygon,809811.309999981,120795.059999997,,71804.24,4525.14,,subdel,1,4,2928,2546,382,0,170,159,11,0,Entre 35 y 40 años,411.376363636,451.598993711,,170
7,Transportes y comunicaciones,COAHUILA DE ZARAGOZA,COAHUILA DE ZARAGOZA,Coahuila de Zaragoza,202601,Polygon,2087768.94999995,286284.959999994,,256102.08,12832.45,,subdel,1,5,7381,6481,900,0,596,565,31,0,Entre 35 y 40 años,413.95,453.278017699,,596
7,Transportes y comunicaciones,COLIMA,COLIMA,Colima,202601,MultiPolygon,349176.129999992,59584.709999999,,38463.69,3582.29,,subdel,1,6,1285,1097,188,0,93,85,8,0,Entre 35 y 40 años,447.78625,452.514,,93
7,Transportes y comunicaciones,CHIAPAS,CHIAPAS,Chiapas,202601,MultiPolygon,1615748.42999996,142588.499999997,,160654.49,3703.01,,subdel,1,7,5519,5072,447,0,368,359,9,0,Entre 35 y 40 años,411.445555556,447.505543175,,368
7,Transportes y comunicaciones,CHIHUAHUA,CHIHUAHUA,Chihuahua,202601,Polygon,2092082.09999995,543102.079999988,,186409.06,26056.76,,subdel,1,8,8277,6567,1710,0,495,431,64,0,Entre 35 y 40 años,407.136875,432.503619490,,495
7,Transportes y comunicaciones,CIUDAD DE MÉXICO,CIUDAD DE MÉXICO,Ciudad de México,202601,Polygon,14600778.2899997,1625658.06999996,,2076763.22,109465.78,,subdel,1,9,50618,45536,5082,0,5115,4826,289,0,Entre 35 y 40 años,378.774325260,430.328060506,,5115
7,Transportes y comunicaciones,DURANGO,DURANGO,Durango,202601,Polygon,867592.29999998,120222.209999997,,75889.6,5154.27,,subdel,1,10,3099,2720,379,0,189,176,13,0,Entre 35 y 40 años,396.482307692,431.190909091,,189
7,Transportes y comunicaciones,GUANAJUATO,GUANAJUATO,Guanajuato,202601,Polygon,2354915.97999995,242646.519999994,,270317.67,12918.85,,subdel,1,11,8110,7350,760,0,667,633,34,0,Entre 35 y 40 años,379.966176471,427.042132701,,667
7,Transportes y comunicaciones,GUERRERO,GUERRERO,Guerrero,202601,MultiPolygon,892102.059999979,108266.649999997,,117769.8,5683.32,,subdel,1,12,3124,2786,338,0,270,256,14,0,Entre 35 y 40 años,405.951428571,460.03828125,,270
7,Transportes y comunicaciones,HIDALGO,HIDALGO,Hidalgo,202601,Polygon,497307.809999989,47200.529999999,,64475.08,2881.15,,subdel,1,13,1702,1554,148,0,150,143,7,0,Entre 35 y 40 años,411.592857143,450.874685315,,150
7,Transportes y comunicaciones,JALISCO,JALISCO,Jalisco,202601,MultiPolygon,5206875.04999988,661959.569999985,,708428.99,49956.93,,subdel,1,14,18282,16209,2073,0,1718,1594,124,0,Entre 35 y 40 años,402.878467742,444.434749059,,1718
7,Transportes y comunicaciones,MÉXICO,MÉXICO,México,202601,Polygon,6675275.26999985,650802.549999985,,445366.58,21714.58,,subdel,1,15,22898,20858,2040,0,1106,1048,58,0,Entre 35 y 40 años,374.389310345,424.968110687,,1106
7,Transportes y comunicaciones,MICHOACÁN DE OCAMPO,MICHOACÁN DE OCAMPO,Michoacán de Ocampo,202601,MultiPolygon,1228157.12999997,150277.409999997,,128981.82,5347.28,,subdel,1,16,4295,3826,469,0,308,294,14,0,Entre 35 y 40 años,381.948571429,438.713673469,,308
7,Transportes y comunicaciones,MORELOS,MORELOS,Morelos,202601,Polygon,778772.309999982,99410.199999998,,54174.93,4216.66,,subdel,1,17,2751,2439,312,0,144,133,11,0,Entre 35 y 40 años,383.332727273,407.330300752,,144
7,Transportes y comunicaciones,NAYARIT,NAYARIT,Nayarit,202601,MultiPolygon,719878.119999983,84862.479999998,,123565,5022.64,,subdel,1,18,2492,2227,265,0,287,274,13,0,Entre 35 y 40 años,386.356923077,450.967153285,,287
7,Transportes y comunicaciones,NUEVO LEÓN,NUEVO LEÓN,Nuevo León,202601,Polygon,4387589.8299999,626806.659999986,,880082.63,64960.22,,subdel,1,19,15685,13720,1965,0,2012,1862,150,0,Entre 35 y 40 años,433.068133333,472.654473684,,2012
7,Transportes y comunicaciones,OAXACA,OAXACA,Oaxaca,202601,MultiPolygon,921752.209999979,121748.059999997,,106023.72,9517.61,,subdel,1,20,3267,2886,381,0,256,233,23,0,Entre 35 y 40 años,413.809130435,455.037424893,,256
7,Transportes y comunicaciones,PUEBLA,PUEBLA,Puebla,202601,Polygon,2356976.49999995,227596.399999995,,263850.2,15194,,subdel,1,21,8063,7351,712,0,656,618,38,0,Entre 35 y 40 años,399.842105263,426.942071197,,656
7,Transportes y comunicaciones,QUERÉTARO,QUERÉTARO,Querétaro,202601,Polygon,889269.65999998,98567.079999998,,100332.31,6853.08,,subdel,1,22,3082,2774,308,0,245,228,17,0,Entre 35 y 40 años,403.122352941,440.053991228,,245
7,Transportes y comunicaciones,QUINTANA ROO,QUINTANA ROO,Quintana Roo,202601,MultiPolygon,589956.589999986,93125.549999998,,47002.21,2857.86,,subdel,1,23,2142,1850,292,0,104,97,7,0,Entre 35 y 40 años,408.265714286,484.558865979,,104
7,Transportes y comunicaciones,SAN LUIS POTOSÍ,SAN LUIS POTOSÍ,San Luis Potosí,202601,Polygon,1492477.38999997,197168.409999995,,156002.33,9384.31,,subdel,1,24,5276,4656,620,0,378,354,24,0,Entre 35 y 40 años,391.012916667,440.684548023,,378
7,Transportes y comunicaciones,SINALOA,SINALOA,Sinaloa,202601,MultiPolygon,2104541.87999995,295997.109999993,,263907.25,22589.5,,subdel,1,25,7541,6608,933,0,634,578,56,0,Entre 35 y 40 años,403.383928571,456.586937716,,634
7,Transportes y comunicaciones,SONORA,SONORA,Sonora,202601,MultiPolygon,1614068.11999996,304040.379999993,,204119.53,27368.17,,subdel,1,26,5994,5039,955,0,528,459,69,0,Entre 35 y 40 años,396.640144928,444.704858388,,528
7,Transportes y comunicaciones,TABASCO,TABASCO,Tabasco,202601,MultiPolygon,1395834.39999997,150672.809999997,,129008.1,7283.67,,subdel,1,27,4841,4367,474,0,300,282,18,0,Entre 35 y 40 años,404.648333333,457.475531915,,300
7,Transportes y comunicaciones,TAMAULIPAS,TAMAULIPAS,Tamaulipas,202601,MultiPolygon,1815529.06999996,298690.439999993,,212790.44,15587.57,,subdel,1,28,6656,5715,941,0,507,470,37,0,Entre 35 y 40 años,421.285675676,452.745617021,,507
7,Transportes y comunicaciones,TLAXCALA,TLAXCALA,Tlaxcala,202601,Polygon,383136.519999991,31293.229999999,,40182.93,825.16,,subdel,1,29,1298,1200,98,0,94,92,2,0,Entre 35 y 40 años,412.58,436.770978261,,94
7,Transportes y comunicaciones,VERACRUZ,VERACRUZ,Veracruz,202601,MultiPolygon,3971839.53999991,458224.72999999,,473563.86,22436.24,,subdel,1,30,13864,12424,1440,0,1092,1037,55,0,Entre 35 y 40 años,407.931636364,456.667174542,,1092
7,Transportes y comunicaciones,YUCATÁN,YUCATÁN,Yucatán,202601,MultiPolygon,2038710.08999995,241255.009999994,,226722.29,15241.71,,subdel,1,31,7128,6370,758,0,546,508,38,0,Entre 35 y 40 años,401.097631579,446.303720472,,546
7,Transportes y comunicaciones,ZACATECAS,ZACATECAS,Zacatecas,202601,Polygon,437864.75999999,58702.439999999,,41778.59,1526.09,,subdel,1,32,1552,1368,184,0,98,94,4,0,Entre 35 y 40 años,381.5225,444.453085106,,98
7,Transportes y comunicaciones,EXTRANJERO/EXTRANJERA,,Extranjero/Extranjera,202601,,406255.229999991,45880.159999999,,70800.61,3990.16,,subdel,1,,1406,1262,144,0,160,149,11,0,Entre 40 y 45 años,362.741818182,475.171879195,,160
7,Transportes y comunicaciones,AGUASCALIENTES,AGUASCALIENTES,Aguascalientes,202601,Polygon,494100.799999989,63753.519999999,,44327.06,1405.96,,subdel,1,1,1744,1544,200,0,109,105,4,0,Entre 40 y 45 años,351.49,422.162476190,,109
7,Transportes y comunicaciones,BAJA CALIFORNIA,BAJA CALIFORNIA,Baja California,202601,MultiPolygon,803345.329999982,158013.789999996,,132657.82,14787.87,,subdel,1,2,2997,2502,495,0,322,288,34,0,Entre 40 y 45 años,434.937352941,460.617430556,,322
7,Transportes y comunicaciones,BAJA CALIFORNIA SUR,BAJA CALIFORNIA SUR,Baja California Sur,202601,MultiPolygon,176669.989999996,42043.469999999,,29516.92,2586.18,,subdel,1,3,687,554,133,0,70,63,7,0,Entre 40 y 45 años,369.454285714,468.522539683,,70
7,Transportes y comunicaciones,CAMPECHE,CAMPECHE,Campeche,202601,MultiPolygon,580205.609999987,82311.489999998,,54078.92,3116.45,,subdel,1,4,2082,1823,259,0,119,111,8,0,Entre 40 y 45 años,389.55625,487.197477477,,119
7,Transportes y comunicaciones,COAHUILA DE ZARAGOZA,COAHUILA DE ZARAGOZA,Coahuila de Zaragoza,202601,Polygon,1564388.81999996,211544.619999995,,183129.71,10949.76,,subdel,1,5,5513,4848,665,0,440,412,28,0,Entre 40 y 45 años,391.062857143,444.489587379,,440
7,Transportes y comunicaciones,COLIMA,COLIMA,Colima,202601,MultiPolygon,252245.719999994,37576.959999999,,24529.47,1739.71,,subdel,1,6,909,791,118,0,61,57,4,0,Entre 40 y 45 años,434.9275,430.341578947,,61
7,Transportes y comunicaciones,CHIAPAS,CHIAPAS,Chiapas,202601,MultiPolygon,1107583.82999997,110572.439999997,,123998.75,7219.38,,subdel,1,7,3821,3474,347,0,290,273,17,0,Entre 40 y 45 años,424.669411765,454.207875458,,290
7,Transportes y comunicaciones,CHIHUAHUA,CHIHUAHUA,Chihuahua,202601,Polygon,1388929.07999997,326310.809999993,,152542.23,14971.56,,subdel,1,8,5384,4358,1026,0,390,352,38,0,Entre 40 y 45 años,393.988421053,433.358607955,,390
7,Transportes y comunicaciones,CIUDAD DE MÉXICO,CIUDAD DE MÉXICO,Ciudad de México,202601,Polygon,13253332.5799997,1393397.61999997,,1844564,96936.87,,subdel,1,9,45638,41287,4351,0,4549,4286,263,0,Entre 40 y 45 años,368.581254753,430.369575362,,4549
7,Transportes y comunicaciones,DURANGO,DURANGO,Durango,202601,Polygon,583141.979999987,97436.449999998,,58023.62,5099.78,,subdel,1,10,2134,1828,306,0,143,131,12,0,Entre 40 y 45 años,424.981666667,442.928396947,,143
7,Transportes y comunicaciones,GUANAJUATO,GUANAJUATO,Guanajuato,202601,Polygon,1689285.75999996,169883.229999996,,215002.32,9452.25,,subdel,1,11,5804,5272,532,0,514,490,24,0,Entre 40 y 45 años,393.84375,438.780244898,,514
7,Transportes y comunicaciones,GUERRERO,GUERRERO,Guerrero,202601,MultiPolygon,617239.349999986,71803.289999998,,111031.67,2937.95,,subdel,1,12,2142,1917,225,0,242,234,8,0,Entre 40 y 45 años,367.24375,474.494316239,,242
7,Transportes y comunicaciones,HIDALGO,HIDALGO,Hidalgo,202601,Polygon,364560.199999992,36988.039999999,,54157.9,2945.77,,subdel,1,13,1248,1132,116,0,128,120,8,0,Entre 40 y 45 años,368.22125,451.315833333,,128
7,Transportes y comunicaciones,JALISCO,JALISCO,Jalisco,202601,MultiPolygon,3928971.02999991,496838.199999989,,538826.31,38565.97,,subdel,1,14,13758,12205,1553,0,1310,1215,95,0,Entre 40 y 45 años,405.957578947,443.478444444,,1310
7,Transportes y comunicaciones,MÉXICO,MÉXICO,México,202601,Polygon,3408460.85999992,345409.339999992,,316967.26,15287.9,,subdel,1,15,11730,10649,1081,0,780,743,37,0,Entre 40 y 45 años,413.186486486,426.604656797,,780
7,Transportes y comunicaciones,MICHOACÁN DE OCAMPO,MICHOACÁN DE OCAMPO,Michoacán de Ocampo,202601,MultiPolygon,858822.52999998,103527.599999998,,103365.88,5097.37,,subdel,1,16,2996,2672,324,0,241,228,13,0,Entre 40 y 45 años,392.105384615,453.359122807,,241
7,Transportes y comunicaciones,MORELOS,MORELOS,Morelos,202601,Polygon,553077.369999987,56706.869999999,,49960.82,2717.04,,subdel,1,17,1911,1733,178,0,126,119,7,0,Entre 40 y 45 años,388.148571429,419.838823529,,126
7,Transportes y comunicaciones,NAYARIT,NAYARIT,Nayarit,202601,MultiPolygon,613281.339999986,54077.059999999,,91975.38,3570.39,,subdel,1,18,2073,1904,169,0,215,206,9,0,Entre 40 y 45 años,396.71,446.482427184,,215
7,Transportes y comunicaciones,NUEVO LEÓN,NUEVO LEÓN,Nuevo León,202601,Polygon,3355309.69999992,502075.909999989,,741373.74,46761,,subdel,1,19,12043,10471,1572,0,1630,1522,108,0,Entre 40 y 45 años,432.972222222,487.104954008,,1630
7,Transportes y comunicaciones,OAXACA,OAXACA,Oaxaca,202601,MultiPolygon,691611.989999984,63627.779999999,,86229.07,3746.52,,subdel,1,20,2358,2158,200,0,200,190,10,0,Entre 40 y 45 años,374.652,453.837210526,,200
7,Transportes y comunicaciones,PUEBLA,PUEBLA,Puebla,202601,Polygon,1719099.85999996,170834.269999996,,240755.11,9121.72,,subdel,1,21,5891,5358,533,0,569,545,24,0,Entre 40 y 45 años,380.071666667,441.752495413,,569
7,Transportes y comunicaciones,QUERÉTARO,QUERÉTARO,Querétaro,202601,Polygon,658718.559999985,66494.079999998,,88351.07,5098.78,,subdel,1,22,2263,2055,208,0,211,198,13,0,Entre 40 y 45 años,392.213846154,446.217525253,,211
7,Transportes y comunicaciones,QUINTANA ROO,QUINTANA ROO,Quintana Roo,202601,MultiPolygon,326842.949999993,52054.589999999,,22088.75,831.97,,subdel,1,23,1178,1015,163,0,53,51,2,0,Entre 40 y 45 años,415.985,433.112745098,,53
7,Transportes y comunicaciones,SAN LUIS POTOSÍ,SAN LUIS POTOSÍ,San Luis Potosí,202601,Polygon,974981.199999977,130681.939999997,,109562.76,6969.14,,subdel,1,24,3438,3031,407,0,269,252,17,0,Entre 40 y 45 años,409.949411765,434.772857143,,269
7,Transportes y comunicaciones,SINALOA,SINALOA,Sinaloa,202601,MultiPolygon,1599617.70999996,231129.349999995,,207985.49,14701.64,,subdel,1,25,5745,5019,726,0,495,460,35,0,Entre 40 y 45 años,420.046857143,452.142369565,,495
7,Transportes y comunicaciones,SONORA,SONORA,Sonora,202601,MultiPolygon,1266214.76999997,208433.049999995,,183654.64,14169.17,,subdel,1,26,4596,3943,653,0,447,410,37,0,Entre 40 y 45 años,382.950540541,447.938146341,,447
7,Transportes y comunicaciones,TABASCO,TABASCO,Tabasco,202601,MultiPolygon,983132.509999978,108790.699999997,,93477.39,4166.6,,subdel,1,27,3414,3072,342,0,224,214,10,0,Entre 40 y 45 años,416.66,436.810233645,,224
7,Transportes y comunicaciones,TAMAULIPAS,TAMAULIPAS,Tamaulipas,202601,MultiPolygon,1280991.53999997,198602.289999995,,184125.63,11159.92,,subdel,1,28,4652,4026,626,0,426,398,28,0,Entre 40 y 45 años,398.568571429,462.627211055,,426
7,Transportes y comunicaciones,TLAXCALA,TLAXCALA,Tlaxcala,202601,Polygon,295527.279999993,20488.690000000,,25973.66,674.94,,subdel,1,29,986,922,64,0,59,57,2,0,Entre 40 y 45 años,337.47,455.678245614,,59
7,Transportes y comunicaciones,VERACRUZ,VERACRUZ,Veracruz,202601,MultiPolygon,2915533.69999993,345910.259999992,,363106.64,16531.38,,subdel,1,30,10193,9105,1088,0,847,805,42,0,Entre 40 y 45 años,393.604285714,451.064149068,,847
7,Transportes y comunicaciones,YUCATÁN,YUCATÁN,Yucatán,202601,MultiPolygon,1585178.80999996,199719.449999995,,189970.36,10800.84,,subdel,1,31,5578,4951,627,0,447,421,26,0,Entre 40 y 45 años,415.416923077,451.236009501,,447
7,Transportes y comunicaciones,ZACATECAS,ZACATECAS,Zacatecas,202601,Polygon,334872.209999992,36943.239999999,,41235.8,3381.17,,subdel,1,32,1161,1045,116,0,100,93,7,0,Entre 40 y 45 años,483.024285714,443.395698925,,100
7,Transportes y comunicaciones,EXTRANJERO/EXTRANJERA,,Extranjero/Extranjera,202601,,305942.319999993,34617.839999999,,51648.44,3584.38,,subdel,1,,1060,952,108,0,118,110,8,0,Entre 45 y 50 años,448.0475,469.531272727,,118
7,Transportes y comunicaciones,AGUASCALIENTES,AGUASCALIENTES,Aguascalientes,202601,Polygon,309163.239999993,42374.779999999,,38814.69,0,,subdel,1,1,1095,962,133,0,91,91,0,0,Entre 45 y 50 años,,426.535054945,,91
7,Transportes y comunicaciones,BAJA CALIFORNIA,BAJA CALIFORNIA,Baja California,202601,MultiPolygon,539634.499999988,100779.009999998,,129715.5,8672.58,,subdel,1,2,1995,1680,315,0,290,270,20,0,Entre 45 y 50 años,433.629,480.427777778,,290
7,Transportes y comunicaciones,BAJA CALIFORNIA SUR,BAJA CALIFORNIA SUR,Baja California Sur,202601,MultiPolygon,126365.799999997,31667.859999999,,14553.76,2283.81,,subdel,1,3,495,395,100,0,35,30,5,0,Entre 45 y 50 años,456.762,485.125333333,,35
7,Transportes y comunicaciones,CAMPECHE,CAMPECHE,Campeche,202601,MultiPolygon,373644.049999991,47747.039999999,,37930.84,2965.37,,subdel,1,4,1323,1172,151,0,92,84,8,0,Entre 45 y 50 años,370.67125,451.557619048,,92
7,Transportes y comunicaciones,COAHUILA DE ZARAGOZA,COAHUILA DE ZARAGOZA,Coahuila de Zaragoza,202601,Polygon,1078742.52999998,140991.719999997,,159012.16,4972.35,,subdel,1,5,3785,3345,440,0,366,353,13,0,Entre 45 y 50 años,382.488461538,450.459376771,,366
7,Transportes y comunicaciones,COLIMA,COLIMA,Colima,202601,MultiPolygon,138255.219999997,29469.549999999,,21283.84,1294.01,,subdel,1,6,527,434,93,0,50,47,3,0,Entre 45 y 50 años,431.336666667,452.847659574,,50
7,Transportes y comunicaciones,CHIAPAS,CHIAPAS,Chiapas,202601,MultiPolygon,688344.529999984,61695.749999999,,73034.35,6471.35,,subdel,1,7,2352,2158,194,0,185,168,17,0,Entre 45 y 50 años,380.667647059,434.728273810,,185
7,Transportes y comunicaciones,CHIHUAHUA,CHIHUAHUA,Chihuahua,202601,Polygon,957443.729999978,222979.549999995,,147057.07,9837.2,,subdel,1,8,3694,2993,701,0,361,336,25,0,Entre 45 y 50 años,393.488,437.669851190,,361
7,Transportes y comunicaciones,CIUDAD DE MÉXICO,CIUDAD DE MÉXICO,Ciudad de México,202601,Polygon,10209313.1699998,1110481.43999997,,1773939.29,93086.74,,subdel,1,9,35233,31769,3464,0,4282,4040,242,0,Entre 45 y 50 años,384.655950413,439.093883663,,4282
7,Transportes y comunicaciones,DURANGO,DURANGO,Durango,202601,Polygon,408483.299999991,71202.699999998,,64419.12,4064.84,,subdel,1,10,1502,1278,224,0,149,140,9,0,Entre 45 y 50 años,451.648888889,460.136571429,,149
7,Transportes y comunicaciones,GUANAJUATO,GUANAJUATO,Guanajuato,202601,Polygon,1158779.77999997,123780.449999997,,187104.21,4316.35,,subdel,1,11,3994,3606,388,0,438,427,11,0,Entre 45 y 50 años,392.395454545,438.183161593,,438
7,Transportes y comunicaciones,GUERRERO,GUERRERO,Guerrero,202601,MultiPolygon,448293.23999999,52704.539999999,,76712.9,4050,,subdel,1,12,1557,1392,165,0,176,166,10,0,Entre 45 y 50 años,405,462.125903614,,176
7,Transportes y comunicaciones,HIDALGO,HIDALGO,Hidalgo,202601,Polygon,263002.619999994,28987.799999999,,48769.23,3280.19,,subdel,1,13,908,817,91,0,109,101,8,0,Entre 45 y 50 años,410.02375,482.863663366,,109
7,Transportes y comunicaciones,JALISCO,JALISCO,Jalisco,202601,MultiPolygon,2779775.85999994,353148.929999992,,460492.11,20908.92,,subdel,1,14,9732,8632,1100,0,1100,1045,55,0,Entre 45 y 50 años,380.162181818,440.662306220,,1100
7,Transportes y comunicaciones,MÉXICO,MÉXICO,México,202601,Polygon,2015709.59999995,196542.559999995,,219687.41,7209.47,,subdel,1,15,6904,6288,616,0,519,501,18,0,Entre 45 y 50 años,400.526111111,438.497824351,,519
7,Transportes y comunicaciones,MICHOACÁN DE OCAMPO,MICHOACÁN DE OCAMPO,Michoacán de Ocampo,202601,MultiPolygon,584474.039999987,79931.519999998,,94253.42,6388.19,,subdel,1,16,2067,1817,250,0,232,217,15,0,Entre 45 y 50 años,425.879333333,434.347557604,,232
7,Transportes y comunicaciones,MORELOS,MORELOS,Morelos,202601,Polygon,360445.979999992,43042.889999999,,43987.72,1161.71,,subdel,1,17,1263,1128,135,0,106,103,3,0,Entre 45 y 50 años,387.236666667,427.065242718,,106
7,Transportes y comunicaciones,NAYARIT,NAYARIT,Nayarit,202601,MultiPolygon,425827.58999999,43528.739999999,,64869.14,3870.66,,subdel,1,18,1449,1312,137,0,150,140,10,0,Entre 45 y 50 años,387.066,463.351,,150
7,Transportes y comunicaciones,NUEVO LEÓN,NUEVO LEÓN,Nuevo León,202601,Polygon,2416157.88999994,341500.449999992,,599124.71,30300.11,,subdel,1,19,8602,7537,1065,0,1293,1223,70,0,Entre 45 y 50 años,432.858714286,489.881201962,,1293
7,Transportes y comunicaciones,OAXACA,OAXACA,Oaxaca,202601,MultiPolygon,506992.609999988,42377.629999999,,62451.99,2640.59,,subdel,1,20,1710,1577,133,0,146,139,7,0,Entre 45 y 50 años,377.227142857,449.294892086,,146
7,Transportes y comunicaciones,PUEBLA,PUEBLA,Puebla,202601,Polygon,1295206.90999997,118444.309999997,,205576.59,6164.09,,subdel,1,21,4392,4022,370,0,485,470,15,0,Entre 45 y 50 años,410.939333333,437.397,,485
7,Transportes y comunicaciones,QUERÉTARO,QUERÉTARO,Querétaro,202601,Polygon,457706.809999989,47816.499999999,,63297.31,3494.47,,subdel,1,22,1572,1423,149,0,151,142,9,0,Entre 45 y 50 años,388.274444444,445.755704225,,151
7,Transportes y comunicaciones,QUINTANA ROO,QUINTANA ROO,Quintana Roo,202601,MultiPolygon,144683.529999997,19559.100000000,,7902.72,0,,subdel,1,23,513,452,61,0,17,17,0,0,Entre 45 y 50 años,,464.865882353,,17
7,Transportes y comunicaciones,SAN LUIS POTOSÍ,SAN LUIS POTOSÍ,San Luis Potosí,202601,Polygon,647212.099999985,96581.889999998,,104408.27,7329.61,,subdel,1,24,2311,2009,302,0,243,226,17,0,Entre 45 y 50 años,431.153529412,461.983495575,,243
7,Transportes y comunicaciones,SINALOA,SINALOA,Sinaloa,202601,MultiPolygon,1151043.58999997,168453.039999996,,167271.86,11290.63,,subdel,1,25,4132,3602,530,0,388,362,26,0,Entre 45 y 50 años,434.255,462.076961326,,388
7,Transportes y comunicaciones,SONORA,SONORA,Sonora,202601,MultiPolygon,932718.469999979,179257.189999996,,153843.07,12735.69,,subdel,1,26,3455,2893,562,0,375,343,32,0,Entre 45 y 50 años,397.9903125,448.522069971,,375
7,Transportes y comunicaciones,TABASCO,TABASCO,Tabasco,202601,MultiPolygon,613646.469999986,76223.469999998,,56759.61,4184.22,,subdel,1,27,2150,1912,238,0,137,127,10,0,Entre 45 y 50 años,418.422,446.926062992,,137
7,Transportes y comunicaciones,TAMAULIPAS,TAMAULIPAS,Tamaulipas,202601,MultiPolygon,896035.85999998,128181.869999997,,134215.98,8797.41,,subdel,1,28,3218,2814,404,0,315,294,21,0,Entre 45 y 50 años,418.924285714,456.516938776,,315
7,Transportes y comunicaciones,TLAXCALA,TLAXCALA,Tlaxcala,202601,Polygon,197522.959999995,16346.590000000,,28024.69,1050.97,,subdel,1,29,668,617,51,0,65,62,3,0,Entre 45 y 50 años,350.323333333,452.011129032,,65
7,Transportes y comunicaciones,VERACRUZ,VERACRUZ,Veracruz,202601,MultiPolygon,2055274.17999995,212803.989999995,,273821.76,11319.08,,subdel,1,30,7073,6404,669,0,632,605,27,0,Entre 45 y 50 años,419.225185185,452.597950413,,632
7,Transportes y comunicaciones,YUCATÁN,YUCATÁN,Yucatán,202601,MultiPolygon,1112525.05999997,124850.839999997,,167621.24,11076.02,,subdel,1,31,3861,3470,391,0,393,367,26,0,Entre 45 y 50 años,426.000769231,456.733623978,,393
7,Transportes y comunicaciones,ZACATECAS,ZACATECAS,Zacatecas,202601,Polygon,248528.309999994,32016.489999999,,35463.26,1855.86,,subdel,1,32,876,776,100,0,84,79,5,0,Entre 45 y 50 años,371.172,448.902025316,,84
7,Transportes y comunicaciones,EXTRANJERO/EXTRANJERA,,Extranjero/Extranjera,202601,,188752.059999996,37666.889999999,,34245.05,1429.85,,subdel,1,,704,587,117,0,77,73,4,0,Entre 50 y 55 años,357.4625,469.110273973,,77
7,Transportes y comunicaciones,AGUASCALIENTES,AGUASCALIENTES,Aguascalientes,202601,Polygon,225346.819999995,23576.969999999,,33416.81,0,,subdel,1,1,776,702,74,0,78,78,0,0,Entre 50 y 55 años,,428.420641026,,78
7,Transportes y comunicaciones,BAJA CALIFORNIA,BAJA CALIFORNIA,Baja California,202601,MultiPolygon,404579.129999991,65177.229999998,,50188.59,4368.3,,subdel,1,2,1463,1258,205,0,123,113,10,0,Entre 50 y 55 años,436.83,444.146814159,,123
7,Transportes y comunicaciones,BAJA CALIFORNIA SUR,BAJA CALIFORNIA SUR,Baja California Sur,202601,MultiPolygon,70065.429999998,15808.940000000,,7981.12,1121.46,,subdel,1,3,269,219,50,0,21,18,3,0,Entre 50 y 55 años,373.82,443.395555556,,21
7,Transportes y comunicaciones,CAMPECHE,CAMPECHE,Campeche,202601,MultiPolygon,231148.589999995,41856.119999999,,22897.55,1425.94,,subdel,1,4,858,726,132,0,55,51,4,0,Entre 50 y 55 años,356.485,448.971568627,,55
7,Transportes y comunicaciones,COAHUILA DE ZARAGOZA,COAHUILA DE ZARAGOZA,Coahuila de Zaragoza,202601,Polygon,715542.429999984,92193.009999998,,84081.73,2897.09,,subdel,1,5,2508,2219,289,0,196,189,7,0,Entre 50 y 55 años,413.87,444.876878307,,196
7,Transportes y comunicaciones,COLIMA,COLIMA,Colima,202601,MultiPolygon,103374.939999998,18381.030000000,,11736.47,416.16,,subdel,1,6,383,325,58,0,28,27,1,0,Entre 50 y 55 años,416.16,434.684074074,,28
7,Transportes y comunicaciones,CHIAPAS,CHIAPAS,Chiapas,202601,MultiPolygon,388446.979999991,49949.959999999,,47585.68,333.53,,subdel,1,7,1373,1216,157,0,108,107,1,0,Entre 50 y 55 años,333.53,444.725981308,,108
7,Transportes y comunicaciones,CHIHUAHUA,CHIHUAHUA,Chihuahua,202601,Polygon,671071.649999985,149891.699999997,,74175.9,4662.54,,subdel,1,8,2565,2095,470,0,178,166,12,0,Entre 50 y 55 años,388.545,446.842771084,,178
7,Transportes y comunicaciones,CIUDAD DE MÉXICO,CIUDAD DE MÉXICO,Ciudad de México,202601,Polygon,8143631.07999981,875155.71999998,,1130621.82,39128.45,,subdel,1,9,28023,25295,2728,0,2701,2601,100,0,Entre 50 y 55 años,391.2845,434.687358708,,2701
7,Transportes y comunicaciones,DURANGO,DURANGO,Durango,202601,Polygon,271559.119999994,41677.399999999,,30377.29,1452.02,,subdel,1,10,977,846,131,0,72,68,4,0,Entre 50 y 55 años,363.005,446.724852941,,72
7,Transportes y comunicaciones,GUANAJUATO,GUANAJUATO,Guanajuato,202601,Polygon,799096.859999981,88820.139999998,,118750.28,3450.29,,subdel,1,11,2766,2488,278,0,279,271,8,0,Entre 50 y 55 años,431.28625,438.192915129,,279
7,Transportes y comunicaciones,GUERRERO,GUERRERO,Guerrero,202601,MultiPolygon,310988.849999993,29458.919999999,,48885.43,700.47,,subdel,1,12,1057,965,92,0,105,103,2,0,Entre 50 y 55 años,350.235,474.615825243,,105
7,Transportes y comunicaciones,HIDALGO,HIDALGO,Hidalgo,202601,Polygon,196099.479999995,21826.509999999,,26662.24,330.57,,subdel,1,13,675,607,68,0,63,62,1,0,Entre 50 y 55 años,330.57,430.036129032,,63
7,Transportes y comunicaciones,JALISCO,JALISCO,Jalisco,202601,MultiPolygon,1935942.34999995,248378.649999994,,284519.18,14843.81,,subdel,1,14,6781,6006,775,0,670,634,36,0,Entre 50 y 55 años,412.328055556,448.768422713,,670
7,Transportes y comunicaciones,MÉXICO,MÉXICO,México,202601,Polygon,1166151.63999997,103040.669999998,,126206.83,4223.77,,subdel,1,15,3957,3635,322,0,292,282,10,0,Entre 50 y 55 años,422.377,447.541950355,,292
7,Transportes y comunicaciones,MICHOACÁN DE OCAMPO,MICHOACÁN DE OCAMPO,Michoacán de Ocampo,202601,MultiPolygon,421480.18999999,49531.539999999,,63860.61,2308.35,,subdel,1,16,1464,1309,155,0,144,138,6,0,Entre 50 y 55 años,384.725,462.758043478,,144
7,Transportes y comunicaciones,MORELOS,MORELOS,Morelos,202601,Polygon,252740.989999994,27660.339999999,,21480.06,0,,subdel,1,17,876,789,87,0,49,49,0,0,Entre 50 y 55 años,,438.368571429,,49
7,Transportes y comunicaciones,NAYARIT,NAYARIT,Nayarit,202601,MultiPolygon,295209.419999993,28079.709999999,,33926.21,1707.7,,subdel,1,18,997,909,88,0,81,77,4,0,Entre 50 y 55 años,426.925,440.600129870,,81
7,Transportes y comunicaciones,NUEVO LEÓN,NUEVO LEÓN,Nuevo León,202601,Polygon,1638224.27999996,212239.499999995,,347740,17504.88,,subdel,1,19,5763,5100,663,0,754,713,41,0,Entre 50 y 55 años,426.948292683,487.713884993,,754
7,Transportes y comunicaciones,OAXACA,OAXACA,Oaxaca,202601,MultiPolygon,310325.849999993,31980.249999999,,36419.4,1515.51,,subdel,1,20,1069,969,100,0,83,79,4,0,Entre 50 y 55 años,378.8775,461.005063291,,83
7,Transportes y comunicaciones,PUEBLA,PUEBLA,Puebla,202601,Polygon,878997.50999998,80130.899999998,,115099.42,1125.08,,subdel,1,21,2980,2732,248,0,270,267,3,0,Entre 50 y 55 años,375.026666667,431.083970037,,270
7,Transportes y comunicaciones,QUERÉTARO,QUERÉTARO,Querétaro,202601,Polygon,312026.729999993,22768.209999999,,31845.06,1148.71,,subdel,1,22,1039,968,71,0,75,72,3,0,Entre 50 y 55 años,382.903333333,442.2925,,75
7,Transportes y comunicaciones,QUINTANA ROO,QUINTANA ROO,Quintana Roo,202601,MultiPolygon,59724.679999999,10845.950000000,,5444.99,481.18,,subdel,1,23,219,185,34,0,12,11,1,0,Entre 50 y 55 años,481.18,494.999090909,,12
7,Transportes y comunicaciones,SAN LUIS POTOSÍ,SAN LUIS POTOSÍ,San Luis Potosí,202601,Polygon,460773.079999989,65984.589999998,,66543.45,1135.99,,subdel,1,24,1636,1429,207,0,154,151,3,0,Entre 50 y 55 años,378.663333333,440.685099338,,154
7,Transportes y comunicaciones,SINALOA,SINALOA,Sinaloa,202601,MultiPolygon,781397.359999982,106984.389999998,,89178.25,7912.67,,subdel,1,25,2778,2441,337,0,220,200,20,0,Entre 50 y 55 años,395.6335,445.89125,,220
7,Transportes y comunicaciones,SONORA,SONORA,Sonora,202601,MultiPolygon,645733.349999985,118037.799999997,,87829.84,7373.04,,subdel,1,26,2363,1994,369,0,219,201,18,0,Entre 50 y 55 años,409.613333333,436.964378109,,219
7,Transportes y comunicaciones,TABASCO,TABASCO,Tabasco,202601,MultiPolygon,359816.319999992,44500.619999999,,26657.31,2471.02,,subdel,1,27,1261,1122,139,0,65,59,6,0,Entre 50 y 55 años,411.836666667,451.818813559,,65
7,Transportes y comunicaciones,TAMAULIPAS,TAMAULIPAS,Tamaulipas,202601,MultiPolygon,616815.859999986,94668.639999998,,82546.54,8688.51,,subdel,1,28,2228,1931,297,0,194,175,19,0,Entre 50 y 55 años,457.29,471.694514286,,194
7,Transportes y comunicaciones,TLAXCALA,TLAXCALA,Tlaxcala,202601,Polygon,136069.199999997,8041.650000000,,13570.85,541.98,,subdel,1,29,448,423,25,0,31,30,1,0,Entre 50 y 55 años,541.98,452.361666667,,31
7,Transportes y comunicaciones,VERACRUZ,VERACRUZ,Veracruz,202601,MultiPolygon,1343547.25999997,133575.239999997,,152427.7,5497.63,,subdel,1,30,4605,4185,420,0,350,336,14,0,Entre 50 y 55 años,392.687857143,453.653869048,,350
7,Transportes y comunicaciones,YUCATÁN,YUCATÁN,Yucatán,202601,MultiPolygon,799165.659999982,90987.199999998,,96224.22,6212.37,,subdel,1,31,2769,2484,285,0,228,213,15,0,Entre 50 y 55 años,414.158,451.756901408,,228
7,Transportes y comunicaciones,ZACATECAS,ZACATECAS,Zacatecas,202601,Polygon,191998.329999996,19644.580000000,,33853.93,501.81,,subdel,1,32,657,596,61,0,77,76,1,0,Entre 50 y 55 años,501.81,445.446447368,,77
7,Transportes y comunicaciones,EXTRANJERO/EXTRANJERA,,Extranjero/Extranjera,202601,,124101.549999997,18086.640000000,,19955.11,466.98,,subdel,1,,438,382,56,0,45,44,1,0,Entre 55 y 60 años,466.98,453.525227273,,45
7,Transportes y comunicaciones,AGUASCALIENTES,AGUASCALIENTES,Aguascalientes,202601,Polygon,137478.299999997,12973.580000000,,17121.96,528.87,,subdel,1,1,468,427,41,0,40,39,1,0,Entre 55 y 60 años,528.87,439.024615385,,40
7,Transportes y comunicaciones,BAJA CALIFORNIA,BAJA CALIFORNIA,Baja California,202601,MultiPolygon,198851.889999995,29756.509999999,,18956.77,399.42,,subdel,1,2,705,613,92,0,44,43,1,0,Entre 55 y 60 años,399.42,440.855116279,,44
7,Transportes y comunicaciones,BAJA CALIFORNIA SUR,BAJA CALIFORNIA SUR,Baja California Sur,202601,MultiPolygon,41578.689999999,7055.120000000,,3998.6,387.42,,subdel,1,3,151,129,22,0,9,8,1,0,Entre 55 y 60 años,387.42,499.825,,9
7,Transportes y comunicaciones,CAMPECHE,CAMPECHE,Campeche,202601,MultiPolygon,147412.339999997,20813.340000000,,11455.04,945.34,,subdel,1,4,525,459,66,0,26,25,1,0,Entre 55 y 60 años,945.34,458.2016,,26
7,Transportes y comunicaciones,COAHUILA DE ZARAGOZA,COAHUILA DE ZARAGOZA,Coahuila de Zaragoza,202601,Polygon,419475.44999999,38107.239999999,,46993.02,1339.63,,subdel,1,5,1417,1297,120,0,111,108,3,0,Entre 55 y 60 años,446.543333333,435.120555556,,111
7,Transportes y comunicaciones,COLIMA,COLIMA,Colima,202601,MultiPolygon,58982.839999999,9528.850000000,,6844.24,330.57,,subdel,1,6,215,185,30,0,17,16,1,0,Entre 55 y 60 años,330.57,427.765,,17
7,Transportes y comunicaciones,CHIAPAS,CHIAPAS,Chiapas,202601,MultiPolygon,230950.079999995,22915.829999999,,13241.65,0,,subdel,1,7,796,724,72,0,33,33,0,0,Entre 55 y 60 años,,401.262121212,,33
7,Transportes y comunicaciones,CHIHUAHUA,CHIHUAHUA,Chihuahua,202601,Polygon,418320.57999999,70417.469999998,,32425.71,1755.49,,subdel,1,8,1526,1305,221,0,79,75,4,0,Entre 55 y 60 años,438.8725,432.3428,,79
7,Transportes y comunicaciones,CIUDAD DE MÉXICO,CIUDAD DE MÉXICO,Ciudad de México,202601,Polygon,5050460.91999988,473466.149999989,,536276.23,10878.24,,subdel,1,9,17146,15673,1473,0,1280,1251,29,0,Entre 55 y 60 años,375.111724138,428.678041567,,1280
7,Transportes y comunicaciones,DURANGO,DURANGO,Durango,202601,Polygon,156306.969999996,19933.730000000,,14197.55,315.04,,subdel,1,10,551,488,63,0,34,33,1,0,Entre 55 y 60 años,315.04,430.228787879,,34
7,Transportes y comunicaciones,GUANAJUATO,GUANAJUATO,Guanajuato,202601,Polygon,514772.369999988,34047.789999999,,52096.05,752.28,,subdel,1,11,1703,1597,106,0,124,122,2,0,Entre 55 y 60 años,376.14,427.016803279,,124
7,Transportes y comunicaciones,GUERRERO,GUERRERO,Guerrero,202601,MultiPolygon,173500.829999996,15469.100000000,,19865.95,668.16,,subdel,1,12,586,538,48,0,43,42,1,0,Entre 55 y 60 años,668.16,472.998809524,,43
7,Transportes y comunicaciones,HIDALGO,HIDALGO,Hidalgo,202601,Polygon,140455.529999997,9854.240000000,,11519.55,330.57,,subdel,1,13,466,435,31,0,28,27,1,0,Entre 55 y 60 años,330.57,426.65,,28
7,Transportes y comunicaciones,JALISCO,JALISCO,Jalisco,202601,MultiPolygon,1136874.05999997,121453.849999997,,115502.13,2769.26,,subdel,1,14,3886,3510,376,0,273,265,8,0,Entre 55 y 60 años,346.1575,435.857094340,,273
7,Transportes y comunicaciones,MÉXICO,MÉXICO,México,202601,Polygon,594476.459999986,46092.019999999,,48056.61,335.57,,subdel,1,15,1996,1852,144,0,112,111,1,0,Entre 55 y 60 años,335.57,432.942432432,,112
7,Transportes y comunicaciones,MICHOACÁN DE OCAMPO,MICHOACÁN DE OCAMPO,Michoacán de Ocampo,202601,MultiPolygon,264989.749999994,21966.269999999,,28054.55,0,,subdel,1,16,889,821,68,0,64,64,0,0,Entre 55 y 60 años,,438.35234375,,64
7,Transportes y comunicaciones,MORELOS,MORELOS,Morelos,202601,Polygon,134756.989999997,13118.530000000,,13560.06,315.04,,subdel,1,17,462,421,41,0,32,31,1,0,Entre 55 y 60 años,315.04,437.421290323,,32
7,Transportes y comunicaciones,NAYARIT,NAYARIT,Nayarit,202601,MultiPolygon,173140.099999996,13747.800000000,,18193.24,0,,subdel,1,18,578,536,42,0,45,45,0,0,Entre 55 y 60 años,,404.294222222,,45
7,Transportes y comunicaciones,NUEVO LEÓN,NUEVO LEÓN,Nuevo León,202601,Polygon,943440.939999978,103466.219999998,,143877.85,3389.8,,subdel,1,19,3254,2931,323,0,320,312,8,0,Entre 55 y 60 años,423.725,461.146955128,,320
7,Transportes y comunicaciones,OAXACA,OAXACA,Oaxaca,202601,MultiPolygon,161303.319999996,15711.330000000,,21774.3,472.99,,subdel,1,20,551,502,49,0,49,48,1,0,Entre 55 y 60 años,472.99,453.63125,,49
7,Transportes y comunicaciones,PUEBLA,PUEBLA,Puebla,202601,Polygon,521294.039999988,38121.309999999,,45148.71,334.84,,subdel,1,21,1739,1620,119,0,109,108,1,0,Entre 55 y 60 años,334.84,418.043611111,,109
7,Transportes y comunicaciones,QUERÉTARO,QUERÉTARO,Querétaro,202601,Polygon,161708.379999996,11429.210000000,,14875.98,0,,subdel,1,22,539,504,35,0,34,34,0,0,Entre 55 y 60 años,,437.528823529,,34
7,Transportes y comunicaciones,QUINTANA ROO,QUINTANA ROO,Quintana Roo,202601,MultiPolygon,21733.990000000,3827.070000000,,1833.56,0,,subdel,1,23,79,67,12,0,4,4,0,0,Entre 55 y 60 años,,458.39,,4
7,Transportes y comunicaciones,SAN LUIS POTOSÍ,SAN LUIS POTOSÍ,San Luis Potosí,202601,Polygon,276718.489999994,32522.329999999,,34547.3,334.89,,subdel,1,24,954,852,102,0,78,77,1,0,Entre 55 y 60 años,334.89,448.666233766,,78
7,Transportes y comunicaciones,SINALOA,SINALOA,Sinaloa,202601,MultiPolygon,466686.729999989,56636.969999999,,40259.45,2250.72,,subdel,1,25,1639,1461,178,0,101,96,5,0,Entre 55 y 60 años,450.144,419.369270833,,101
7,Transportes y comunicaciones,SONORA,SONORA,Sonora,202601,MultiPolygon,380791.289999991,67860.919999998,,43406.04,552.33,,subdel,1,26,1390,1179,211,0,102,101,1,0,Entre 55 y 60 años,552.33,429.762772277,,102
7,Transportes y comunicaciones,TABASCO,TABASCO,Tabasco,202601,MultiPolygon,177055.989999996,21480.400000000,,13830.38,426.49,,subdel,1,27,619,552,67,0,32,31,1,0,Entre 55 y 60 años,426.49,446.141290323,,32
7,Transportes y comunicaciones,TAMAULIPAS,TAMAULIPAS,Tamaulipas,202601,MultiPolygon,373019.879999991,48376.079999999,,35776.58,569.11,,subdel,1,28,1321,1169,152,0,83,82,1,0,Entre 55 y 60 años,569.11,436.299756098,,83
7,Transportes y comunicaciones,TLAXCALA,TLAXCALA,Tlaxcala,202601,Polygon,66382.559999998,4450.180000000,,8517.63,681.07,,subdel,1,29,219,205,14,0,21,19,2,0,Entre 55 y 60 años,340.535,448.296315789,,21
7,Transportes y comunicaciones,VERACRUZ,VERACRUZ,Veracruz,202601,MultiPolygon,776033.079999982,76087.469999998,,68856.35,2205.84,,subdel,1,30,2642,2406,236,0,163,158,5,0,Entre 55 y 60 años,441.168,435.799683544,,163
7,Transportes y comunicaciones,YUCATÁN,YUCATÁN,Yucatán,202601,MultiPolygon,460007.979999989,53096.669999999,,37251.69,1030.72,,subdel,1,31,1598,1432,166,0,87,84,3,0,Entre 55 y 60 años,343.573333333,443.4725,,87
7,Transportes y comunicaciones,ZACATECAS,ZACATECAS,Zacatecas,202601,Polygon,147827.749999997,11150.640000000,,21580.15,423.7,,subdel,1,32,496,461,35,0,49,48,1,0,Entre 55 y 60 años,423.7,449.586458333,,49
7,Transportes y comunicaciones,EXTRANJERO/EXTRANJERA,,Extranjero/Extranjera,202601,,79051.169999998,8026.120000000,,7141.57,0,,subdel,1,,271,246,25,0,17,17,0,0,Entre 60 y 65 años,,420.092352941,,17
7,Transportes y comunicaciones,AGUASCALIENTES,AGUASCALIENTES,Aguascalientes,202601,Polygon,80185.219999998,5956.560000000,,5754.92,0,,subdel,1,1,268,250,18,0,14,14,0,0,Entre 60 y 65 años,,411.065714286,,14
7,Transportes y comunicaciones,BAJA CALIFORNIA,BAJA CALIFORNIA,Baja California,202601,MultiPolygon,92566.329999998,11181.700000000,,5518.91,0,,subdel,1,2,324,289,35,0,12,12,0,0,Entre 60 y 65 años,,459.909166667,,12
7,Transportes y comunicaciones,BAJA CALIFORNIA SUR,BAJA CALIFORNIA SUR,Baja California Sur,202601,MultiPolygon,18912.700000000,3480.970000000,,756.61,0,,subdel,1,3,70,59,11,0,2,2,0,0,Entre 60 y 65 años,,378.305,,2
7,Transportes y comunicaciones,CAMPECHE,CAMPECHE,Campeche,202601,MultiPolygon,56448.329999999,3780.480000000,,1347.47,444.69,,subdel,1,4,189,177,12,0,4,3,1,0,Entre 60 y 65 años,444.69,449.156666667,,4
7,Transportes y comunicaciones,COAHUILA DE ZARAGOZA,COAHUILA DE ZARAGOZA,Coahuila de Zaragoza,202601,Polygon,223952.449999995,19429.680000000,,9936.3,825.66,,subdel,1,5,758,697,61,0,26,24,2,0,Entre 60 y 65 años,412.83,414.0125,,26
7,Transportes y comunicaciones,COLIMA,COLIMA,Colima,202601,MultiPolygon,32755.279999999,1275.690000000,,3249.34,0,,subdel,1,6,106,102,4,0,7,7,0,0,Entre 60 y 65 años,,464.191428571,,7
7,Transportes y comunicaciones,CHIAPAS,CHIAPAS,Chiapas,202601,MultiPolygon,99959.419999998,6393.980000000,,5262.99,0,,subdel,1,7,333,313,20,0,12,12,0,0,Entre 60 y 65 años,,438.5825,,12
7,Transportes y comunicaciones,CHIHUAHUA,CHIHUAHUA,Chihuahua,202601,Polygon,202065.769999995,23845.419999999,,13853.32,0,,subdel,1,8,705,630,75,0,33,33,0,0,Entre 60 y 65 años,,419.797575758,,33
7,Transportes y comunicaciones,CIUDAD DE MÉXICO,CIUDAD DE MÉXICO,Ciudad de México,202601,Polygon,2594705.56999994,181346.249999996,,155850.96,3747.57,,subdel,1,9,8621,8055,566,0,385,376,9,0,Entre 60 y 65 años,416.396666667,414.497234043,,385
7,Transportes y comunicaciones,DURANGO,DURANGO,Durango,202601,Polygon,80414.689999998,10824.490000000,,7887.11,0,,subdel,1,10,285,251,34,0,19,19,0,0,Entre 60 y 65 años,,415.111052632,,19
7,Transportes y comunicaciones,GUANAJUATO,GUANAJUATO,Guanajuato,202601,Polygon,264387.219999994,16670.560000000,,17159.69,0,,subdel,1,11,868,816,52,0,40,40,0,0,Entre 60 y 65 años,,428.99225,,40
7,Transportes y comunicaciones,GUERRERO,GUERRERO,Guerrero,202601,MultiPolygon,100969.079999998,9622.030000000,,8093.42,0,,subdel,1,12,344,314,30,0,19,19,0,0,Entre 60 y 65 años,,425.969473684,,19
7,Transportes y comunicaciones,HIDALGO,HIDALGO,Hidalgo,202601,Polygon,64972.729999998,2582.440000000,,3869.42,0,,subdel,1,13,210,202,8,0,10,10,0,0,Entre 60 y 65 años,,386.942,,10
7,Transportes y comunicaciones,JALISCO,JALISCO,Jalisco,202601,MultiPolygon,536313.159999988,40030.459999999,,28589.55,0,,subdel,1,14,1787,1662,125,0,67,67,0,0,Entre 60 y 65 años,,426.709701493,,67
7,Transportes y comunicaciones,MÉXICO,MÉXICO,México,202601,Polygon,270768.089999994,17828.600000000,,16168.09,0,,subdel,1,15,901,845,56,0,40,40,0,0,Entre 60 y 65 años,,404.20225,,40
7,Transportes y comunicaciones,MICHOACÁN DE OCAMPO,MICHOACÁN DE OCAMPO,Michoacán de Ocampo,202601,MultiPolygon,167112.389999996,10283.170000000,,12020.81,315.04,,subdel,1,16,551,519,32,0,30,29,1,0,Entre 60 y 65 años,315.04,414.510689655,,30
7,Transportes y comunicaciones,MORELOS,MORELOS,Morelos,202601,Polygon,55674.499999999,5111.320000000,,2234.62,0,,subdel,1,17,190,174,16,0,5,5,0,0,Entre 60 y 65 años,,446.924,,5
7,Transportes y comunicaciones,NAYARIT,NAYARIT,Nayarit,202601,MultiPolygon,88511.269999998,5717.310000000,,6510.48,0,,subdel,1,18,292,274,18,0,14,14,0,0,Entre 60 y 65 años,,465.034285714,,14
7,Transportes y comunicaciones,NUEVO LEÓN,NUEVO LEÓN,Nuevo León,202601,Polygon,477064.049999989,44750.889999999,,43367.87,690.54,,subdel,1,19,1627,1487,140,0,98,96,2,0,Entre 60 y 65 años,345.27,451.748645833,,98
7,Transportes y comunicaciones,OAXACA,OAXACA,Oaxaca,202601,MultiPolygon,91219.179999998,8268.690000000,,7040.54,1214.99,,subdel,1,20,311,285,26,0,17,16,1,0,Entre 60 y 65 años,1214.99,440.03375,,17
7,Transportes y comunicaciones,PUEBLA,PUEBLA,Puebla,202601,Polygon,267611.809999994,15117.480000000,,12311.26,0,,subdel,1,21,879,832,47,0,29,29,0,0,Entre 60 y 65 años,,424.526206897,,29
7,Transportes y comunicaciones,QUERÉTARO,QUERÉTARO,Querétaro,202601,Polygon,69666.259999998,4487.040000000,,5539.43,451.02,,subdel,1,22,228,214,14,0,13,12,1,0,Entre 60 y 65 años,451.02,461.619166667,,13
7,Transportes y comunicaciones,QUINTANA ROO,QUINTANA ROO,Quintana Roo,202601,MultiPolygon,13014.740000000,960.650000000,,589.39,0,,subdel,1,23,43,40,3,0,1,1,0,0,Entre 60 y 65 años,,589.39,,1
7,Transportes y comunicaciones,SAN LUIS POTOSÍ,SAN LUIS POTOSÍ,San Luis Potosí,202601,Polygon,158554.159999996,8350.660000000,,9561.82,356.83,,subdel,1,24,520,494,26,0,22,21,1,0,Entre 60 y 65 años,356.83,455.324761905,,22
7,Transportes y comunicaciones,SINALOA,SINALOA,Sinaloa,202601,MultiPolygon,225220.849999995,17683.440000000,,11201.24,0,,subdel,1,25,758,702,56,0,25,25,0,0,Entre 60 y 65 años,,448.0496,,25
7,Transportes y comunicaciones,SONORA,SONORA,Sonora,202601,MultiPolygon,217620.579999995,19690.700000000,,18539.14,2281.6,,subdel,1,26,739,678,61,0,46,42,4,0,Entre 60 y 65 años,570.4,441.408095238,,46
7,Transportes y comunicaciones,TABASCO,TABASCO,Tabasco,202601,MultiPolygon,64019.919999999,6342.210000000,,3913.32,0,,subdel,1,27,218,198,20,0,10,10,0,0,Entre 60 y 65 años,,391.332,,10
7,Transportes y comunicaciones,TAMAULIPAS,TAMAULIPAS,Tamaulipas,202601,MultiPolygon,211314.779999995,22223.629999999,,9988.31,0,,subdel,1,28,733,663,70,0,26,26,0,0,Entre 60 y 65 años,,384.165769231,,26
7,Transportes y comunicaciones,TLAXCALA,TLAXCALA,Tlaxcala,202601,Polygon,49773.809999999,3536.120000000,,2235.34,0,,subdel,1,29,166,155,11,0,5,5,0,0,Entre 60 y 65 años,,447.068,,5
7,Transportes y comunicaciones,VERACRUZ,VERACRUZ,Veracruz,202601,MultiPolygon,367958.829999992,30127.839999999,,15636.95,434.74,,subdel,1,30,1237,1144,93,0,35,34,1,0,Entre 60 y 65 años,434.74,459.910294118,,35
7,Transportes y comunicaciones,YUCATÁN,YUCATÁN,Yucatán,202601,MultiPolygon,218309.289999995,17606.740000000,,11372.01,0,,subdel,1,31,736,681,55,0,27,27,0,0,Entre 60 y 65 años,,421.185555556,,27
7,Transportes y comunicaciones,ZACATECAS,ZACATECAS,Zacatecas,202601,Polygon,93415.179999998,5433.330000000,,7129.38,0,,subdel,1,32,307,290,17,0,16,16,0,0,Entre 60 y 65 años,,445.58625,,16
7,Transportes y comunicaciones,EXTRANJERO/EXTRANJERA,,Extranjero/Extranjera,202601,,32934.669999999,1921.300000000,,2458.77,0,,subdel,1,,108,102,6,0,7,7,0,0,Entre 65 y 70 años,,351.252857143,,7
7,Transportes y comunicaciones,AGUASCALIENTES,AGUASCALIENTES,Aguascalientes,202601,Polygon,32727.109999999,661.140000000,,1222.71,0,,subdel,1,1,104,102,2,0,3,3,0,0,Entre 65 y 70 años,,407.57,,3
7,Transportes y comunicaciones,BAJA CALIFORNIA,BAJA CALIFORNIA,Baja California,202601,MultiPolygon,30736.989999999,3842.600000000,,2319.54,0,,subdel,1,2,108,96,12,0,5,5,0,0,Entre 65 y 70 años,,463.908,,5
7,Transportes y comunicaciones,BAJA CALIFORNIA SUR,BAJA CALIFORNIA SUR,Baja California Sur,202601,MultiPolygon,8547.490000000,630.080000000,,0,0,,subdel,1,3,29,27,2,0,0,0,0,0,Entre 65 y 70 años,,,,0
7,Transportes y comunicaciones,CAMPECHE,CAMPECHE,Campeche,202601,MultiPolygon,21138.940000000,1590.730000000,,696.61,0,,subdel,1,4,72,67,5,0,2,2,0,0,Entre 65 y 70 años,,348.305,,2
7,Transportes y comunicaciones,COAHUILA DE ZARAGOZA,COAHUILA DE ZARAGOZA,Coahuila de Zaragoza,202601,Polygon,80729.349999998,6226.620000000,,4160.11,0,,subdel,1,5,271,252,19,0,10,10,0,0,Entre 65 y 70 años,,416.011,,10
7,Transportes y comunicaciones,COLIMA,COLIMA,Colima,202601,MultiPolygon,14802.440000000,330.570000000,,1016.43,0,,subdel,1,6,47,46,1,0,2,2,0,0,Entre 65 y 70 años,,508.215,,2
7,Transportes y comunicaciones,CHIAPAS,CHIAPAS,Chiapas,202601,MultiPolygon,33426.029999999,1890.240000000,,1978.15,0,,subdel,1,7,111,105,6,0,5,5,0,0,Entre 65 y 70 años,,395.63,,5
7,Transportes y comunicaciones,CHIHUAHUA,CHIHUAHUA,Chihuahua,202601,Polygon,88115.379999998,5417.800000000,,2450.56,0,,subdel,1,8,292,275,17,0,6,6,0,0,Entre 65 y 70 años,,408.426666667,,6
7,Transportes y comunicaciones,CIUDAD DE MÉXICO,CIUDAD DE MÉXICO,Ciudad de México,202601,Polygon,1075341.19999998,62848.209999999,,39211.89,725.89,,subdel,1,9,3537,3341,196,0,95,93,2,0,Entre 65 y 70 años,362.945,421.633225806,,95
7,Transportes y comunicaciones,DURANGO,DURANGO,Durango,202601,Polygon,39332.769999999,3780.480000000,,983.26,0,,subdel,1,10,135,123,12,0,2,2,0,0,Entre 65 y 70 años,,491.63,,2
7,Transportes y comunicaciones,GUANAJUATO,GUANAJUATO,Guanajuato,202601,Polygon,103759.849999998,7055.120000000,,3823.17,0,,subdel,1,11,345,323,22,0,10,10,0,0,Entre 65 y 70 años,,382.317,,10
7,Transportes y comunicaciones,GUERRERO,GUERRERO,Guerrero,202601,MultiPolygon,38293.289999999,3181.460000000,,1312.04,0,,subdel,1,12,128,118,10,0,3,3,0,0,Entre 65 y 70 años,,437.346666667,,3
7,Transportes y comunicaciones,HIDALGO,HIDALGO,Hidalgo,202601,Polygon,36429.819999999,2582.440000000,,1393.77,0,,subdel,1,13,121,113,8,0,3,3,0,0,Entre 65 y 70 años,,464.59,,3
7,Transportes y comunicaciones,JALISCO,JALISCO,Jalisco,202601,MultiPolygon,203556.959999995,13002.850000000,,6898.02,0,,subdel,1,14,673,632,41,0,18,18,0,0,Entre 65 y 70 años,,383.223333333,,18
7,Transportes y comunicaciones,MÉXICO,MÉXICO,México,202601,Polygon,106722.059999997,7308.040000000,,4154.35,0,,subdel,1,15,355,332,23,0,10,10,0,0,Entre 65 y 70 años,,415.435,,10
7,Transportes y comunicaciones,MICHOACÁN DE OCAMPO,MICHOACÁN DE OCAMPO,Michoacán de Ocampo,202601,MultiPolygon,75027.019999998,8623.360000000,,3628.82,0,,subdel,1,16,260,233,27,0,9,9,0,0,Entre 65 y 70 años,,403.202222222,,9
7,Transportes y comunicaciones,MORELOS,MORELOS,Morelos,202601,Polygon,21686.730000000,1291.220000000,,0,0,,subdel,1,17,72,68,4,0,0,0,0,0,Entre 65 y 70 años,,,,0
7,Transportes y comunicaciones,NAYARIT,NAYARIT,Nayarit,202601,MultiPolygon,40420.019999999,1936.830000000,,1559.48,0,,subdel,1,18,133,127,6,0,4,4,0,0,Entre 65 y 70 años,,389.87,,4
7,Transportes y comunicaciones,NUEVO LEÓN,NUEVO LEÓN,Nuevo León,202601,Polygon,180622.859999996,13748.610000000,,7822.66,0,,subdel,1,19,606,563,43,0,18,18,0,0,Entre 65 y 70 años,,434.592222222,,18
7,Transportes y comunicaciones,OAXACA,OAXACA,Oaxaca,202601,MultiPolygon,41029.589999999,1606.260000000,,875.11,0,,subdel,1,20,133,128,5,0,2,2,0,0,Entre 65 y 70 años,,437.555,,2
7,Transportes y comunicaciones,PUEBLA,PUEBLA,Puebla,202601,Polygon,100142.899999998,5732.840000000,,5500.8,0,,subdel,1,21,330,312,18,0,14,14,0,0,Entre 65 y 70 años,,392.914285714,,14
7,Transportes y comunicaciones,QUERÉTARO,QUERÉTARO,Querétaro,202601,Polygon,30988.539999999,645.610000000,,0,0,,subdel,1,22,99,97,2,0,0,0,0,0,Entre 65 y 70 años,,,,0
7,Transportes y comunicaciones,QUINTANA ROO,QUINTANA ROO,Quintana Roo,202601,MultiPolygon,2215.630000000,645.610000000,,0,0,,subdel,1,23,9,7,2,0,0,0,0,0,Entre 65 y 70 años,,,,0
7,Transportes y comunicaciones,SAN LUIS POTOSÍ,SAN LUIS POTOSÍ,San Luis Potosí,202601,Polygon,65733.179999998,5417.800000000,,1938.92,0,,subdel,1,24,221,204,17,0,4,4,0,0,Entre 65 y 70 años,,484.73,,4
7,Transportes y comunicaciones,SINALOA,SINALOA,Sinaloa,202601,MultiPolygon,90228.759999998,10536.090000000,,3409.91,0,,subdel,1,25,317,284,33,0,8,8,0,0,Entre 65 y 70 años,,426.23875,,8
7,Transportes y comunicaciones,SONORA,SONORA,Sonora,202601,MultiPolygon,87529.719999998,9637.560000000,,3317.86,0,,subdel,1,26,302,272,30,0,7,7,0,0,Entre 65 y 70 años,,473.98,,7
7,Transportes y comunicaciones,TABASCO,TABASCO,Tabasco,202601,MultiPolygon,25653.559999999,1575.200000000,,1694.28,0,,subdel,1,27,85,80,5,0,5,5,0,0,Entre 65 y 70 años,,338.856,,5
7,Transportes y comunicaciones,TAMAULIPAS,TAMAULIPAS,Tamaulipas,202601,MultiPolygon,80640.819999998,5748.370000000,,3847.4,0,,subdel,1,28,269,251,18,0,9,9,0,0,Entre 65 y 70 años,,427.488888889,,9
7,Transportes y comunicaciones,TLAXCALA,TLAXCALA,Tlaxcala,202601,Polygon,20105.730000000,1291.220000000,,385.9,0,,subdel,1,29,67,63,4,0,1,1,0,0,Entre 65 y 70 años,,385.9,,1
7,Transportes y comunicaciones,VERACRUZ,VERACRUZ,Veracruz,202601,MultiPolygon,134024.659999997,9306.990000000,,6348.52,0,,subdel,1,30,448,419,29,0,15,15,0,0,Entre 65 y 70 años,,423.234666667,,15
7,Transportes y comunicaciones,YUCATÁN,YUCATÁN,Yucatán,202601,MultiPolygon,87968.159999998,5180.410000000,,3063.04,0,,subdel,1,31,286,270,16,0,7,7,0,0,Entre 65 y 70 años,,437.577142857,,7
7,Transportes y comunicaciones,ZACATECAS,ZACATECAS,Zacatecas,202601,Polygon,40408.569999999,2566.910000000,,2172.99,0,,subdel,1,32,133,125,8,0,5,5,0,0,Entre 65 y 70 años,,434.598,,5
7,Transportes y comunicaciones,EXTRANJERO/EXTRANJERA,,Extranjero/Extranjera,202601,,11922.080000000,315.040000000,,417.11,333.32,,subdel,1,,38,37,1,0,2,1,1,0,Entre 70 y 75 años,333.32,417.11,,2
7,Transportes y comunicaciones,AGUASCALIENTES,AGUASCALIENTES,Aguascalientes,202601,Polygon,7432.280000000,,,0,,,subdel,1,1,23,23,0,0,0,0,0,0,Entre 70 y 75 años,,,,0
7,Transportes y comunicaciones,BAJA CALIFORNIA,BAJA CALIFORNIA,Baja California,202601,MultiPolygon,9668.620000000,315.040000000,,0,0,,subdel,1,2,31,30,1,0,0,0,0,0,Entre 70 y 75 años,,,,0
7,Transportes y comunicaciones,BAJA CALIFORNIA SUR,BAJA CALIFORNIA SUR,Baja California Sur,202601,MultiPolygon,315.040000000,,,0,,,subdel,1,3,1,1,0,0,0,0,0,0,Entre 70 y 75 años,,,,0
7,Transportes y comunicaciones,CAMPECHE,CAMPECHE,Campeche,202601,MultiPolygon,6378.450000000,630.080000000,,0,0,,subdel,1,4,22,20,2,0,0,0,0,0,Entre 70 y 75 años,,,,0
7,Transportes y comunicaciones,COAHUILA DE ZARAGOZA,COAHUILA DE ZARAGOZA,Coahuila de Zaragoza,202601,Polygon,24999.609999999,1291.220000000,,1362.59,0,,subdel,1,5,81,77,4,0,3,3,0,0,Entre 70 y 75 años,,454.196666667,,3
7,Transportes y comunicaciones,COLIMA,COLIMA,Colima,202601,MultiPolygon,5149.350000000,630.080000000,,0,0,,subdel,1,6,18,16,2,0,0,0,0,0,Entre 70 y 75 años,,,,0
7,Transportes y comunicaciones,CHIAPAS,CHIAPAS,Chiapas,202601,MultiPolygon,9331.210000000,1291.220000000,,663.13,0,,subdel,1,7,33,29,4,0,2,2,0,0,Entre 70 y 75 años,,331.565,,2
7,Transportes y comunicaciones,CHIHUAHUA,CHIHUAHUA,Chihuahua,202601,Polygon,17699.920000000,630.080000000,,445.27,0,,subdel,1,8,57,55,2,0,1,1,0,0,Entre 70 y 75 años,,445.27,,1
7,Transportes y comunicaciones,CIUDAD DE MÉXICO,CIUDAD DE MÉXICO,Ciudad de México,202601,Polygon,310439.289999993,24439.999999999,,3228.46,0,,subdel,1,9,1042,966,76,0,8,8,0,0,Entre 70 y 75 años,,403.5575,,8
7,Transportes y comunicaciones,DURANGO,DURANGO,Durango,202601,Polygon,12182.890000000,1291.220000000,,355.7,0,,subdel,1,10,42,38,4,0,1,1,0,0,Entre 70 y 75 años,,355.7,,1
7,Transportes y comunicaciones,GUANAJUATO,GUANAJUATO,Guanajuato,202601,Polygon,35156.559999999,1621.790000000,,436.67,0,,subdel,1,11,114,109,5,0,1,1,0,0,Entre 70 y 75 años,,436.67,,1
7,Transportes y comunicaciones,GUERRERO,GUERRERO,Guerrero,202601,MultiPolygon,8279.820000000,1260.160000000,,439.09,0,,subdel,1,12,30,26,4,0,1,1,0,0,Entre 70 y 75 años,,439.09,,1
7,Transportes y comunicaciones,HIDALGO,HIDALGO,Hidalgo,202601,Polygon,11346.800000000,1606.260000000,,0,0,,subdel,1,13,40,35,5,0,0,0,0,0,Entre 70 y 75 años,,,,0
7,Transportes y comunicaciones,JALISCO,JALISCO,Jalisco,202601,MultiPolygon,52278.879999999,6409.510000000,,2650.9,0,,subdel,1,14,182,162,20,0,6,6,0,0,Entre 70 y 75 años,,441.816666667,,6
7,Transportes y comunicaciones,MÉXICO,MÉXICO,México,202601,Polygon,31169.259999999,2850.890000000,,332.31,0,,subdel,1,15,106,97,9,0,1,1,0,0,Entre 70 y 75 años,,332.31,,1
7,Transportes y comunicaciones,MICHOACÁN DE OCAMPO,MICHOACÁN DE OCAMPO,Michoacán de Ocampo,202601,MultiPolygon,24906.609999999,960.650000000,,0,0,,subdel,1,16,80,77,3,0,0,0,0,0,Entre 70 y 75 años,,,,0
7,Transportes y comunicaciones,MORELOS,MORELOS,Morelos,202601,Polygon,7024.060000000,330.570000000,,0,0,,subdel,1,17,23,22,1,0,0,0,0,0,Entre 70 y 75 años,,,,0
7,Transportes y comunicaciones,NAYARIT,NAYARIT,Nayarit,202601,MultiPolygon,12921.530000000,630.080000000,,0,0,,subdel,1,18,42,40,2,0,0,0,0,0,Entre 70 y 75 años,,,,0
7,Transportes y comunicaciones,NUEVO LEÓN,NUEVO LEÓN,Nuevo León,202601,Polygon,40187.559999999,4503.740000000,,1685.91,0,,subdel,1,19,139,125,14,0,3,3,0,0,Entre 70 y 75 años,,561.97,,3
7,Transportes y comunicaciones,OAXACA,OAXACA,Oaxaca,202601,MultiPolygon,13779.670000000,2236.340000000,,0,0,,subdel,1,20,50,43,7,0,0,0,0,0,Entre 70 y 75 años,,,,0
7,Transportes y comunicaciones,PUEBLA,PUEBLA,Puebla,202601,Polygon,31864.739999999,2582.440000000,,398.9,0,,subdel,1,21,106,98,8,0,1,1,0,0,Entre 70 y 75 años,,398.9,,1
7,Transportes y comunicaciones,QUERÉTARO,QUERÉTARO,Querétaro,202601,Polygon,7994.950000000,330.570000000,,0,0,,subdel,1,22,26,25,1,0,0,0,0,0,Entre 70 y 75 años,,,,0
7,Transportes y comunicaciones,QUINTANA ROO,QUINTANA ROO,Quintana Roo,202601,MultiPolygon,315.040000000,,,0,,,subdel,1,23,1,1,0,0,0,0,0,0,Entre 70 y 75 años,,,,0
7,Transportes y comunicaciones,SAN LUIS POTOSÍ,SAN LUIS POTOSÍ,San Luis Potosí,202601,Polygon,20528.720000000,1921.300000000,,911.28,0,,subdel,1,24,69,63,6,0,2,2,0,0,Entre 70 y 75 años,,455.64,,2
7,Transportes y comunicaciones,SINALOA,SINALOA,Sinaloa,202601,MultiPolygon,27547.089999999,2582.440000000,,0,0,,subdel,1,25,93,85,8,0,0,0,0,0,Entre 70 y 75 años,,,,0
7,Transportes y comunicaciones,SONORA,SONORA,Sonora,202601,MultiPolygon,32108.219999999,630.080000000,,892.32,0,,subdel,1,26,102,100,2,0,2,2,0,0,Entre 70 y 75 años,,446.16,,2
7,Transportes y comunicaciones,TABASCO,TABASCO,Tabasco,202601,MultiPolygon,4723.800000000,645.610000000,,0,0,,subdel,1,27,17,15,2,0,0,0,0,0,Entre 70 y 75 años,,,,0
7,Transportes y comunicaciones,TAMAULIPAS,TAMAULIPAS,Tamaulipas,202601,MultiPolygon,25339.229999999,1590.730000000,,842.23,0,,subdel,1,28,84,79,5,0,2,2,0,0,Entre 70 y 75 años,,421.115,,2
7,Transportes y comunicaciones,TLAXCALA,TLAXCALA,Tlaxcala,202601,Polygon,6058.230000000,330.570000000,,0,0,,subdel,1,29,20,19,1,0,0,0,0,0,Entre 70 y 75 años,,,,0
7,Transportes y comunicaciones,VERACRUZ,VERACRUZ,Veracruz,202601,MultiPolygon,43117.689999999,2251.870000000,,315.04,0,,subdel,1,30,142,135,7,0,1,1,0,0,Entre 70 y 75 años,,315.04,,1
7,Transportes y comunicaciones,YUCATÁN,YUCATÁN,Yucatán,202601,MultiPolygon,24535.439999999,960.650000000,,0,0,,subdel,1,31,79,76,3,0,0,0,0,0,Entre 70 y 75 años,,,,0
7,Transportes y comunicaciones,ZACATECAS,ZACATECAS,Zacatecas,202601,Polygon,11920.490000000,1890.240000000,,0,0,,subdel,1,32,43,37,6,0,0,0,0,0,Entre 70 y 75 años,,,,0
7,Transportes y comunicaciones,CIUDAD DE MÉXICO,CIUDAD DE MÉXICO,Ciudad de México,202601,Polygon,13428565.9899997,1685332.49999996,315.040000000,1069075.6,59257.75,0,subdel,1,9,47379,42085,5293,1,2808,2645,163,0,Entre 20 y 25 años,363.544478528,404.187372401,,2808
7,Transportes y comunicaciones,CIUDAD DE MÉXICO,CIUDAD DE MÉXICO,Ciudad de México,202601,Polygon,2257298.06999995,262758.639999994,630.080000000,402873.05,23971.3,0,subdel,1,9,7927,7098,827,2,1086,1021,65,0,Entre 15 y 20 años,368.789230769,394.586728697,,1086
7,Transportes y comunicaciones,PUEBLA,PUEBLA,Puebla,202601,Polygon,3375536.59999992,301655.429999993,645.610000000,276307.98,11233.33,0,subdel,1,21,11496,10549,945,2,685,656,29,0,Entre 25 y 30 años,387.356206897,421.201189024,,685
